ID,EAN,SKU,Name,Series Name,Description,Category,Price(gross),Price(net),URL,Parameters,Available,
1.0	5902020445692105147Srebrne historieCzarne historie Junior50 międzygalaktycznych zagadek nie z tego świata, dla utrzymujących się w stanie nieważkości obserwatorów gwiazd.gry_dla_dzieci_karciane39.031.71https://gryplanszowe.pl/product-pol-84-Srebrne-historie.htmlAutor\Andrea Köhrsen
Rok wydania\2014
Minimalna liczba graczy\2
Minimalny wiek graczy\8
Maksymalny wiek graczy\99
Minimalny czas gry (min)\2
Maksymalny czas gry (min)\20
Edycja\polska
Instrukcja\polska
WYMIARY OPAKOWANIA:
Wysokość (mm)\135
Szerokość (mm)\95
Głębokość (mm)\25
SKU\105147true
2.0	5902259200703100131Drakon-Czy uda ci się ujść z życiem ze smoczego labiryntu?gry_planszowe_przygodowe119.997.48https://gryplanszowe.pl/product-pol-215-Drakon.htmlAutor\Tom Jolly
Rok wydania\2015
Minimalna liczba graczy\2
Maksymalna liczba graczy\6
Minimalny wiek graczy\14
Maksymalny wiek graczy\99
Minimalny czas gry (min)\20
Maksymalny czas gry (min)\60
Edycja\polska
Instrukcja\polska
WYMIARY OPAKOWANIA:
Wysokość (mm)\255
Szerokość (mm)\255
Głębokość (mm)\50
SKU\100131true
3.0	5902259202035100648Runebound (trzecia edycja)RuneboundMężni rycerze, potężni czarodzieje, okrutne potwory...gry_planszowe_przygodowe209.9170.65https://gryplanszowe.pl/product-pol-339-Runebound-trzecia-edycja.htmlAutor\Lukas Litzsinger
Rok wydania\2016
Minimalna liczba graczy\2
Maksymalna liczba graczy\4
Minimalny wiek graczy\14
Maksymalny wiek graczy\99
Minimalny czas gry (min)\120
Maksymalny czas gry (min)\180
Edycja\polska
Instrukcja\polska
WYMIARY OPAKOWANIA:
Wysokość (mm)\295
Szerokość (mm)\295
Głębokość (mm)\75
SKU\100648true
4.0	5906395350742101917Kostka do gry plastik standard - biała - 100 szt.-Doskonały dodatek do każdej gry_planszowej.akcesoria_plastikowe_kostki_do_gry_zwykłe46.037.4https://gryplanszowe.pl/product-pol-725-Kostka-do-gry-plastik-standard-biala-100-szt.htmlAutor\
Rok wydania\
Wysokość (mm)\
Szerokość (mm)\
Głębokość (mm)\
Minimalna liczba graczy\
Maksymalna liczba graczy\
Minimalny wiek graczy\
Maksymalny wiek graczy\
Minimalny czas gry (min)\
Maksymalny czas gry (min)\
SKU\101917true
5.0	5906395350681101922Kostka do gry plastik ekstra - biała - 100 szt.-Doskonały dodatek do każdej gry_planszowej.akcesoria_plastikowe_kostki_do_gry_ekstra66.053.66https://gryplanszowe.pl/product-pol-730-Kostka-do-gry-plastik-ekstra-biala-100-szt.htmlAutor\
Rok wydania\
Wysokość (mm)\
Szerokość (mm)\
Głębokość (mm)\
Minimalna liczba graczy\
Maksymalna liczba graczy\
Minimalny wiek graczy\
Maksymalny wiek graczy\
Minimalny czas gry (min)\
Maksymalny czas gry (min)\
SKU\101922true
6.0	8717249193203102614Steam - Wyścig do bogactwa-Rozwój kolei żelaznej.gry_planszowe_ekonomiczne200.6163.09https://gryplanszowe.pl/product-pol-1152-Steam-Wyscig-do-bogactwa.htmlAutor\Martin Wallace
Rok wydania\2009
Minimalna liczba graczy\3
Maksymalna liczba graczy\5
Minimalny wiek graczy\12
Maksymalny wiek graczy\99
Minimalny czas gry (min)\90
Maksymalny czas gry (min)\90
Edycja\europejska
Instrukcja\polska
WYMIARY OPAKOWANIA:
Wysokość (mm)\240
Szerokość (mm)\295
Głębokość (mm)\80
SKU\102614true
7.0	4001504512354103092Balansujący osiołek (w metalowej puszce)-Jakość marki Schmidt Spiele!gry_dla_dzieci_inne36.029.27https://gryplanszowe.pl/product-pol-1351-Balansujacy-osiolek-w-metalowej-puszce.htmlAutor\
Rok wydania\2010
Minimalna liczba graczy\2
Maksymalna liczba graczy\4
Minimalny wiek graczy\5
Maksymalny wiek graczy\99
Minimalny czas gry (min)\15
Maksymalny czas gry (min)\15
Edycja\europejska
Instrukcja\polska
WYMIARY OPAKOWANIA:
Wysokość (mm)\185
Szerokość (mm)\115
Głębokość (mm)\40
SKU\103092true
8.0	0029877045211103536Automobile-Kolor?... Może być każdy, pod warunkiem, że będzie to czarny.gry_planszowe_ekonomiczne176.8143.74https://gryplanszowe.pl/product-pol-1462-Automobile.htmlAutor\Martin Wallace
Rok wydania\2009
Minimalna liczba graczy\3
Maksymalna liczba graczy\5
Minimalny wiek graczy\13
Maksymalny wiek graczy\99
Minimalny czas gry (min)\240
Maksymalny czas gry (min)\120
Edycja\europejska
Instrukcja\polska
WYMIARY OPAKOWANIA:
Wysokość (mm)\240
Szerokość (mm)\300
Głębokość (mm)\80
SKU\103536true
9.0	5902259206972103550Catan (edycja plastikowa)CatanBestsellerowa gra rodzinna teraz w nowej odsłonie! Nowe plastikowe elementy!gry_planszowe_rodzinne149.99121.94https://gryplanszowe.pl/product-pol-1469-Catan-edycja-plastikowa.htmlAutor\Klaus Teuber
Ilustrator\Michael Menzel
Rok wydania\2011
Minimalna liczba graczy\3
Maksymalna liczba graczy\4
Minimalny wiek graczy\10
Maksymalny wiek graczy\99
Minimalny czas gry (min)\75
Maksymalny czas gry (min)\75
Edycja\polska
Instrukcja\polska
WYMIARY OPAKOWANIA:
Wysokość (mm)\295
Szerokość (mm)\295
Głębokość (mm)\70
SKU\103550true
10.0	5902259202639103615Posiadłość szaleństwa (druga edycja)Posiadłość szaleństwaGra o odkrywaniu tajemnic i grozie...gry_planszowe_przygodowe459.9373.9https://gryplanszowe.pl/product-pol-1510-Posiadlosc-szalenstwa-druga-edycja.htmlAutor\Nikki Valens
Rok wydania\2016
Minimalna liczba graczy\1
Maksymalna liczba graczy\5
Minimalny wiek graczy\13
Maksymalny wiek graczy\99
Minimalny czas gry (min)\120
Maksymalny czas gry (min)\180
Edycja\polska
Instrukcja\polska
WYMIARY OPAKOWANIA:
Wysokość (mm)\295
Szerokość (mm)\295
Głębokość (mm)\140
SKU\103615true
11.0	4002051740177103728Filary Ziemi: gra karcianaFilary ZiemiGracz, który ma najwięcej punktów zwycięstwa – wygrywa!gry_karciane_strategiczne14.912.11https://gryplanszowe.pl/product-pol-1559-Filary-Ziemi-gra-karciana.htmlAutor\Michael Rieneck
Rok wydania\2010
Minimalna liczba graczy\3
Maksymalna liczba graczy\4
Minimalny wiek graczy\10
Maksymalny wiek graczy\99
Minimalny czas gry (min)\60
Maksymalny czas gry (min)\60
Edycja\polska
Instrukcja\polska
WYMIARY OPAKOWANIA:
Wysokość (mm)\125
Szerokość (mm)\95
Głębokość (mm)\20
SKU\103728true
12.0	5902259200482103732Gra o Tron (druga edycja)Gra o TronGra planszowa oparta na bestsellerowej sadze fantasy "Pieśń Lodu i Ognia" autorstwa George'a R.R. Martina.gry_planszowe_strategiczne259.0210.57https://gryplanszowe.pl/product-pol-1563-Gra-o-Tron-druga-edycja.htmlAutor\Christian T. Petersen
Autor\Jason Walden
Rok wydania\2011
Minimalna liczba graczy\3
Maksymalna liczba graczy\6
Minimalny wiek graczy\14
Maksymalny wiek graczy\99
Minimalny czas gry (min)\240
Maksymalny czas gry (min)\480
Edycja\polska
Instrukcja\polska
WYMIARY OPAKOWANIA:
Wysokość (mm)\295
Szerokość (mm)\295
Głębokość (mm)\75
SKU\103732true
13.0	5902259206996103929Catan: Żeglarze (edycja plastikowa)CatanDodatek do bestsellerowej gry rodzinnej "Catan". Statek czeka, już czas wejść na pokład.gry_planszowe_rodzinne149.0121.14https://gryplanszowe.pl/product-pol-1665-Catan-Zeglarze-edycja-plastikowa.htmlAutor\Klaus Teuber
Rok wydania\2012
Minimalna liczba graczy\3
Maksymalna liczba graczy\4
Minimalny wiek graczy\10
Maksymalny wiek graczy\99
Minimalny czas gry (min)\75
Maksymalny czas gry (min)\75
Edycja\polska
Instrukcja\polska
WYMIARY OPAKOWANIA:
Wysokość (mm)\295
Szerokość (mm)\295
Głębokość (mm)\70
SKU\103929true
14.0	5902259207009103930Catan: Miasta i Rycerze (edycja plastikowa)CatanDodatek do bestsellerowej gry rodzinnej "Catan". 
Na wyspie rozlega się okrzyk: "Do broni! Na ratunek Catanowi!".gry_planszowe_rodzinne149.0121.14https://gryplanszowe.pl/product-pol-1666-Catan-Miasta-i-Rycerze-edycja-plastikowa.htmlAutor\Klaus Teuber
Rok wydania\2012
Minimalna liczba graczy\3
Maksymalna liczba graczy\4
Minimalny wiek graczy\12
Maksymalny wiek graczy\99
Minimalny czas gry (min)\60
Maksymalny czas gry (min)\120
Edycja\polska
Instrukcja\polska
WYMIARY OPAKOWANIA:
Wysokość (mm)\295
Szerokość (mm)\295
Głębokość (mm)\70
SKU\103930true
15.0	5902259207016103931Catan: Kupcy i Barbarzyńcy (edycja plastikowa)CatanDodatek do bestsellerowej gry rodzinnej "Catan". Przed wami nowe przygody!gry_planszowe_rodzinne149.0121.14https://gryplanszowe.pl/product-pol-1667-Catan-Kupcy-i-Barbarzyncy-edycja-plastikowa.htmlAutor\Klaus Teuber
Rok wydania\2012
Minimalna liczba graczy\2
Maksymalna liczba graczy\4
Minimalny wiek graczy\10
Maksymalny wiek graczy\99
Minimalny czas gry (min)\60
Maksymalny czas gry (min)\120
Edycja\polska
Instrukcja\polska
WYMIARY OPAKOWANIA:
Wysokość (mm)\295
Szerokość (mm)\295
Głębokość (mm)\70
SKU\103931true
16.0	5902259207023104424Catan: Odkrywcy i Piraci (edycja plastikowa)CatanDodatek do bestsellerowej gry rodzinnej "Catan". Catan - już go nie opuścisz!gry_planszowe_rodzinne179.9146.26https://gryplanszowe.pl/product-pol-2001-Catan-Odkrywcy-i-Piraci-edycja-plastikowa.htmlAutor\Klaus Teuber
Rok wydania\2013
Minimalna liczba graczy\2
Maksymalna liczba graczy\4
Minimalny wiek graczy\12
Maksymalny wiek graczy\99
Minimalny czas gry (min)\90
Maksymalny czas gry (min)\120
Edycja\polska
Instrukcja\polska
WYMIARY OPAKOWANIA:
Wysokość (mm)\295
Szerokość (mm)\295
Głębokość (mm)\70
SKU\104424true
17.0	5907506208747104525Serce Smoka-W królestwie nastały lata niepokoju...gry_karciane_przygodowe39.9932.51https://gryplanszowe.pl/product-pol-2085-Serce-Smoka.htmlAutor\Rüdiger Dorn
Rok wydania\2013
Minimalna liczba graczy\2
Maksymalna liczba graczy\2
Minimalny wiek graczy\8
Maksymalny wiek graczy\99
Minimalny czas gry (min)\20
Maksymalny czas gry (min)\20
Edycja\polska
Instrukcja\polska
WYMIARY OPAKOWANIA:
Wysokość (mm)\200
Szerokość (mm)\200
Głębokość (mm)\45
SKU\104525true
18.0	5906018005981104555KalamburyKalamburyPokaż! Narysuj! Zgadnij! Świetna gra rodzinna, w której każdy gest może mieć znaczenie.gry_planszowe_rodzinne39.031.71https://gryplanszowe.pl/product-pol-2113-Kalambury.htmlAutor\
Rok wydania\2013
Minimalna liczba graczy\2
Maksymalna liczba graczy\3
Minimalny wiek graczy\7
Maksymalny wiek graczy\99
Minimalny czas gry (min)\30
Maksymalny czas gry (min)\30
Edycja\polska
Instrukcja\polska
WYMIARY OPAKOWANIA:
Wysokość (mm)\190
Szerokość (mm)\290
Głębokość (mm)\40
SKU\104555true
19.0	6416739408446104618Mała gra - Jedzenie-Mała, smaczna gra!gry_karciane_imprezowe22.017.89https://gryplanszowe.pl/product-pol-2164-Mala-gra-Jedzenie.htmlAutor\
Rok wydania\2013
Minimalna liczba graczy\2
Maksymalna liczba graczy\4
Minimalny wiek graczy\15
Maksymalny wiek graczy\99
Minimalny czas gry (min)\30
Maksymalny czas gry (min)\60
Edycja\polska
Instrukcja\polska
WYMIARY OPAKOWANIA:
Wysokość (mm)\180
Szerokość (mm)\110
Głębokość (mm)\40
SKU\104618true
20.0	9781616614805104630Władca Pierścieni (Konfrontacja)-W Śródziemiu nastał czas ostatecznej konfrontacji...gry_planszowe_strategiczne99.9981.29https://gryplanszowe.pl/product-pol-2170-Wladca-Pierscieni-Konfrontacja.htmlAutor\Reiner Knizia
Rok wydania\2013
Minimalna liczba graczy\2
Maksymalna liczba graczy\2
Minimalny wiek graczy\14
Maksymalny wiek graczy\99
Minimalny czas gry (min)\30
Maksymalny czas gry (min)\30
Edycja\polska
Instrukcja\polska
WYMIARY OPAKOWANIA:
Wysokość (mm)\255
Szerokość (mm)\255
Głębokość (mm)\50
SKU\104630true
21.0	8716096007664104663Żetony do gry w ruletkę - 240 szt. (HG)Ruletka240 kolorowych żetonów z nominałami.gry_planszowe_akcesoria62.050.41https://gryplanszowe.pl/product-pol-2202-Zetony-do-gry-w-ruletke-240-szt-HG.htmlAutor\
Rok wydania\
Minimalna liczba graczy\
Minimalny wiek graczy\
Maksymalny wiek graczy\
Minimalny czas gry (min)\
Maksymalny czas gry (min)\
WYMIARY OPAKOWANIA:
Wysokość (mm)\120
Szerokość (mm)\145
Głębokość (mm)\30
SKU\104663true
22.0	8717072004271104735Mah-Jong XL (chiński motyw) (HG)Mah-JongGra która przetrwała wieki i nadal ma się dobrze!gry_planszowe_klasyczne420.0341.46https://gryplanszowe.pl/product-pol-2268-Mah-Jong-XL-chinski-motyw-HG.htmlMinimalna liczba graczy\3
Maksymalna liczba graczy\4
Minimalny wiek graczy\8
Maksymalny wiek graczy\99
Minimalny czas gry (min)\120
Maksymalny czas gry (min)\120
Edycja\chińska
Instrukcja\polska
WYMIARY OPAKOWANIA:
Wysokość (mm)\285
Szerokość (mm)\395
Głębokość (mm)\60
SKU\104735true
23.0	8717072004080104736Mah-Jong (chiński motyw) (HG)Mah-JongGra która przetrwała wieki i nadal ma się dobrze!gry_planszowe_klasyczne265.0215.45https://gryplanszowe.pl/product-pol-2269-Mah-Jong-chinski-motyw-HG.htmlMinimalna liczba graczy\4
Maksymalna liczba graczy\4
Minimalny wiek graczy\8
Maksymalny wiek graczy\99
Minimalny czas gry (min)\30
Maksymalny czas gry (min)\60
Edycja\europejska
Instrukcja\polska
WYMIARY OPAKOWANIA:
Wysokość (mm)\235
Szerokość (mm)\340
Głębokość (mm)\55
SKU\104736true
24.0	5906395350735104846Kostka do gry plastik ekstra GŁADKA - biała - 100 szt.-Doskonały dodatek do każdej gry_planszowej.akcesoria_plastikowe_kostki_do_gry_ekstra69.056.1https://gryplanszowe.pl/product-pol-2359-Kostka-do-gry-plastik-ekstra-GLADKA-biala-100-szt.htmlAutor\
Rok wydania\
Wysokość (mm)\
Szerokość (mm)\
Głębokość (mm)\
Minimalna liczba graczy\
Minimalny wiek graczy\
Maksymalny wiek graczy\
Minimalny czas gry (min)\
Maksymalny czas gry (min)\
SKU\104846true
25.0	4001504592707105044PQ Puzzle 3000 el. RENATO CASARO Tak przechodzi się do historii...Puzzle - Renato CasaroPuzzle składające się z 3000 elementów!
Najwyższa jakość puzzli marki Schmidt Spiele!puzzle_dla_dorosłych115.093.5https://gryplanszowe.pl/product-pol-2462-PQ-Puzzle-3000-el-RENATO-CASARO-Tak-przechodzi-sie-do-historii.htmlLiczba elementów\3000
Autor\Renato Casaro
Jakość wykonania\Premium Quality
Rok wydania\
Tematyka puzzli\sztuka
Tematyka puzzli\kino
Tematyka puzzli\gwiazdy
Tematyka puzzli\ludzie
Wymiary puzzli po ułożeniu\1176x836 mm
WYMIARY OPAKOWANIA:
Wysokość (mm)\275
Szerokość (mm)\375
Głębokość (mm)\90
SKU\105044true
26.0	5902259201694105158Eldritch Horror: Przedwieczna grozaEldritch HorrorGra kooperacyjna o globalnej tajemnicy i grozie.gry_planszowe_przygodowe269.0218.7https://gryplanszowe.pl/product-pol-2528-Eldritch-Horror-Przedwieczna-groza.htmlAutor\Corey Konieczka
Autor\Nikki Valens
Rok wydania\2014
Minimalna liczba graczy\1
Maksymalna liczba graczy\8
Minimalny wiek graczy\14
Maksymalny wiek graczy\99
Minimalny czas gry (min)\120
Maksymalny czas gry (min)\240
Edycja\polska
Instrukcja\polska
WYMIARY OPAKOWANIA:
Wysokość (mm)\295
Szerokość (mm)\295
Głębokość (mm)\75
SKU\105158true
27.0	5908259812021105730Puzzle Było sobie życie - Mięśnie i układ kostny + DVDByło sobie życieCzy wiesz jakie części ciała przedstawia ułożony obrazek 
i jakie funkcje pełnią one w organizmie?puzzle_dla_dzieci26.021.14https://gryplanszowe.pl/product-pol-2945-Puzzle-Bylo-sobie-zycie-Miesnie-i-uklad-kostny-DVD.htmlAutor\
Rok wydania\
Minimalny wiek graczy\
WYMIARY OPAKOWANIA:
Wysokość (mm)\230
Szerokość (mm)\330
Głębokość (mm)\60
SKU\105730true
28.0	5902259201434105758Stwór-Czy możesz ufać swoim przyjaciołom?gry_karciane_przygodowe49.9940.64https://gryplanszowe.pl/product-pol-2969-Stwor.htmlAutor\Antonio Ferrara
Autor\Sebastiano Fiorillo
Rok wydania\2015
Minimalna liczba graczy\4
Maksymalna liczba graczy\12
Minimalny wiek graczy\14
Maksymalny wiek graczy\99
Minimalny czas gry (min)\15
Maksymalny czas gry (min)\60
Edycja\polska
Instrukcja\polska
WYMIARY OPAKOWANIA:
Wysokość (mm)\195
Szerokość (mm)\100
Głębokość (mm)\35
SKU\105758true
29.0	5902259206989105931Catan: dodatek dla 5_6 graczyCatanDodatek do bestsellerowej gry rodzinnej "Catan". Odkryjcie nowy ląd!gry_planszowe_rodzinne89.9973.16https://gryplanszowe.pl/product-pol-3128-Catan-dodatek-dla-5-6-graczy.htmlAutor\Klaus Teuber
Rok wydania\2015
Minimalna liczba graczy\5
Maksymalna liczba graczy\6
Minimalny wiek graczy\10
Maksymalny wiek graczy\99
Minimalny czas gry (min)\90
Maksymalny czas gry (min)\90
Edycja\polska
Instrukcja\polska
WYMIARY OPAKOWANIA:
Wysokość (mm)\295
Szerokość (mm)\150
Głębokość (mm)\45
SKU\105931true
30.0	5902259207108105932Catan: Żeglarze - dodatek dla 5_6 graczyCatanDodatek do bestsellerowej gry rodzinnej "Catan". Postawić żagle!gry_planszowe_rodzinne89.9973.16https://gryplanszowe.pl/product-pol-3129-Catan-Zeglarze-dodatek-dla-5-6-graczy.htmlAutor\Klaus Teuber
Rok wydania\2015
Minimalna liczba graczy\5
Maksymalna liczba graczy\6
Minimalny wiek graczy\10
Maksymalny wiek graczy\99
Minimalny czas gry (min)\90
Maksymalny czas gry (min)\90
Edycja\polska
Instrukcja\polska
WYMIARY OPAKOWANIA:
Wysokość (mm)\295
Szerokość (mm)\150
Głębokość (mm)\45
SKU\105932true
31.0	5902259207115105933Catan: Miasta i Rycerze - dodatek dla 5_6 graczyCatanDodatek do bestsellerowej gry rodzinnej "Catan". Catan w niebezpieczeństwie!gry_planszowe_rodzinne89.9973.16https://gryplanszowe.pl/product-pol-3130-Catan-Miasta-i-Rycerze-dodatek-dla-5-6-graczy.htmlAutor\Klaus Teuber
Rok wydania\2015
Minimalna liczba graczy\5
Maksymalna liczba graczy\6
Minimalny wiek graczy\12
Maksymalny wiek graczy\99
Minimalny czas gry (min)\120
Maksymalny czas gry (min)\120
Edycja\polska
Instrukcja\polska
WYMIARY OPAKOWANIA:
Wysokość (mm)\295
Szerokość (mm)\150
Głębokość (mm)\45
SKU\105933true
32.0	5902259201274105934Catan: Kupcy i Barbarzyńcy - dodatek dla 5_6 graczyCatanDodatek do bestsellerowej gry rodzinnej "Catan". Wyruszcie na spotkanie nowej przygody!gry_planszowe_rodzinne72.959.27https://gryplanszowe.pl/product-pol-3131-Catan-Kupcy-i-Barbarzyncy-dodatek-dla-5-6-graczy.htmlAutor\Klaus Teuber
Rok wydania\2015
Minimalna liczba graczy\5
Maksymalna liczba graczy\6
Minimalny wiek graczy\10
Maksymalny wiek graczy\99
Minimalny czas gry (min)\90
Maksymalny czas gry (min)\150
Edycja\polska
Instrukcja\polska
WYMIARY OPAKOWANIA:
Wysokość (mm)\295
Szerokość (mm)\150
Głębokość (mm)\45
SKU\105934true
33.0	5902259202455106242Jolly Roger-Piracka gra o łupach i buntach.gry_karciane_imprezowe39.9932.51https://gryplanszowe.pl/product-pol-3423-Jolly-Roger.htmlAutor\Frederic Moyersoen
Rok wydania\2016
Minimalna liczba graczy\4
Maksymalna liczba graczy\10
Minimalny wiek graczy\10
Maksymalny wiek graczy\99
Minimalny czas gry (min)\30
Maksymalny czas gry (min)\30
Edycja\polska
Instrukcja\polska
WYMIARY OPAKOWANIA:
Wysokość (mm)\195
Szerokość (mm)\100
Głębokość (mm)\35
SKU\106242true
34.0	5902259202479106241Android: Mainframe-Masz 23 sekundy, aby użyć tylnego wejścia, zanim systemy ochronne banku ponownie się uruchomią. Bierz co się tylko da!gry_planszowe_strategiczne99.080.49https://gryplanszowe.pl/product-pol-3426-Android-Mainframe.htmlAutor\Jordi Gene
Autor\Gregorio Morales
Rok wydania\2016
Minimalna liczba graczy\2
Maksymalna liczba graczy\4
Minimalny wiek graczy\14
Maksymalny wiek graczy\99
Minimalny czas gry (min)\30
Maksymalny czas gry (min)\30
Edycja\polska
Instrukcja\polska
WYMIARY OPAKOWANIA:
Wysokość (mm)\255
Szerokość (mm)\255
Głębokość (mm)\50
SKU\106241true
35.0	5902259202158106246Eldritch Horror: Pod piramidamiEldritch HorrorPowrót Czarnego Faraona.gry_planszowe_przygodowe149.0121.14https://gryplanszowe.pl/product-pol-3427-Eldritch-Horror-Pod-piramidami.htmlAutor\Nikki Valens
Rok wydania\2016
Minimalna liczba graczy\1
Maksymalna liczba graczy\8
Minimalny wiek graczy\14
Maksymalny wiek graczy\99
Minimalny czas gry (min)\120
Maksymalny czas gry (min)\240
Edycja\polska
Instrukcja\polska
WYMIARY OPAKOWANIA:
Wysokość (mm)\295
Szerokość (mm)\295
Głębokość (mm)\70
SKU\106246true
36.0	5900511002393100125KalamburyKalamburyWesoła gra dla całej rodziny! Narysuj! Pokaż! Zgadnij!gry_planszowe_imprezowe29.9924.38https://gryplanszowe.pl/product-pol-3485-Kalambury.htmlAutor\
Rok wydania\
Minimalna liczba graczy\4
Maksymalna liczba graczy\8
Minimalny wiek graczy\6
Maksymalny wiek graczy\99
Minimalny czas gry (min)\30
Maksymalny czas gry (min)\45
Edycja\polska
Instrukcja\polska
WYMIARY OPAKOWANIA:
Wysokość (mm)\285
Szerokość (mm)\195
Głębokość (mm)\40
SKU\100125true
37.0	5902259200208106446Star Wars: Imperium vs RebeliaStar WarsLosy galaktyki są teraz w waszych rękach...gry_karciane_strategiczne39.031.71https://gryplanszowe.pl/product-pol-3603-Star-Wars-Imperium-vs-Rebelia.htmlAutor\David Rakoto
Autor\Sebastien Gigaudaut
Rok wydania\2016
Minimalna liczba graczy\2
Maksymalna liczba graczy\2
Minimalny wiek graczy\14
Maksymalny wiek graczy\99
Minimalny czas gry (min)\60
Maksymalny czas gry (min)\60
Edycja\polska
Instrukcja\polska
WYMIARY OPAKOWANIA:
Wysokość (mm)\125
Szerokość (mm)\125
Głębokość (mm)\40
SKU\106446true
38.0	8422878700936106438Mata do gry w karty 50x50 cm (203)-Gra w karty nigdy nie sprawiała tyle radości...gry_karciane_akcesoria_do_kart29.924.31https://gryplanszowe.pl/product-pol-3611-Mata-do-gry-w-karty-50x50-cm-203.htmlSKU\106438true
39.0	8422878700622106439Mata do gry w karty 50x50 cm (204)-Gra w karty nigdy nie sprawiała tyle radości...gry_karciane_akcesoria_do_kart37.930.81https://gryplanszowe.pl/product-pol-3612-Mata-do-gry-w-karty-50x50-cm-204.htmlSKU\106439true
40.0	5902259203292103619Catan: szybka gra karcianaCatanLegendarna wyspa Catan ponownie czeka na osadników!gry_karciane_strategiczne32.026.02https://gryplanszowe.pl/product-pol-3625-Catan-szybka-gra-karciana.htmlAutor\Klaus Teuber
Rok wydania\2016
Minimalna liczba graczy\2
Maksymalna liczba graczy\4
Minimalny wiek graczy\8
Maksymalny wiek graczy\99
Minimalny czas gry (min)\30
Maksymalny czas gry (min)\30
Edycja\polska
Instrukcja\polska
WYMIARY OPAKOWANIA:
Wysokość (mm)\125
Szerokość (mm)\95
Głębokość (mm)\20
SKU\103619true
41.0	8717072000785106741Żetony do gry w ruletkę - 100 szt. (HG)Ruletka100 kolorowych żetonów z nominałami.gry_planszowe_akcesoria35.028.46https://gryplanszowe.pl/product-pol-3996-Zetony-do-gry-w-ruletke-100-szt-HG.htmlWYMIARY OPAKOWANIA:
Wysokość (mm)\145
Szerokość (mm)\145
Głębokość (mm)\35
SKU\106741true
42.0	8716096006476106767Mata do gry w karty 120x180 cm (HG)-Gra w karty, nigdy nie sprawiała tyle radości...gry_karciane_akcesoria_do_kart164.0133.33https://gryplanszowe.pl/product-pol-4021-Mata-do-gry-w-karty-120x180-cm-HG.htmlWYMIARY OPAKOWANIA:
Wysokość (mm)\180
Szerokość (mm)\320
Głębokość (mm)\40
SKU\106767true
43.0	8716096006018106768Mata do gry w karty 120x120 cm (HG)-Gra w karty nigdy nie sprawiała tyle radości...gry_karciane_akcesoria_do_kart135.0109.76https://gryplanszowe.pl/product-pol-4022-Mata-do-gry-w-karty-120x120-cm-HG.htmlWYMIARY OPAKOWANIA:
Wysokość (mm)\310
Szerokość (mm)\240
Głębokość (mm)\30
SKU\106768true
44.0	5902259203896106913Exit: Grobowiec FaraonaEscape RoomZnajdź rozwiązanie tajemniczej zagadki! Escape Room w Twoim domu!gry_karciane_przygodowe55.044.72https://gryplanszowe.pl/product-pol-4167-Exit-Grobowiec-Faraona.htmlAutor\Inka Brand
Autor\Markus Brand
Rok wydania\2017
Minimalna liczba graczy\1
Maksymalna liczba graczy\6
Minimalny wiek graczy\12
Maksymalny wiek graczy\99
Minimalny czas gry (min)\45
Maksymalny czas gry (min)\90
Edycja\polska
Instrukcja\polska
WYMIARY OPAKOWANIA:
Wysokość (mm)\180
Szerokość (mm)\130
Głębokość (mm)\40
SKU\106913true
45.0	5902259203889106912Exit: Tajemnicze laboratoriumEscape RoomZnajdź rozwiązanie tajemniczej zagadki! Escape Room w Twoim domu!gry_karciane_przygodowe55.044.72https://gryplanszowe.pl/product-pol-4168-Exit-Tajemnicze-laboratorium.htmlAutor\Inka Brand
Autor\Markus Brand
Rok wydania\2017
Minimalna liczba graczy\1
Maksymalna liczba graczy\6
Minimalny wiek graczy\12
Maksymalny wiek graczy\99
Minimalny czas gry (min)\45
Maksymalny czas gry (min)\90
Edycja\polska
Instrukcja\polska
WYMIARY OPAKOWANIA:
Wysokość (mm)\180
Szerokość (mm)\130
Głębokość (mm)\40
SKU\106912true
46.0	5902259203919106911Exit: Chata w lesieEscape RoomZnajdź rozwiązanie tajemniczej zagadki! Escape Room w Twoim domu!gry_karciane_przygodowe55.044.72https://gryplanszowe.pl/product-pol-4169-Exit-Chata-w-lesie.htmlAutor\Inka Brand
Autor\Markus Brand
Rok wydania\2017
Minimalna liczba graczy\1
Maksymalna liczba graczy\6
Minimalny wiek graczy\12
Maksymalny wiek graczy\99
Minimalny czas gry (min)\45
Maksymalny czas gry (min)\90
Edycja\polska
Instrukcja\polska
WYMIARY OPAKOWANIA:
Wysokość (mm)\180
Szerokość (mm)\130
Głębokość (mm)\40
SKU\106911true
47.0	5902259203582106914Posiadłość szaleństwa: Za progiem (druga edycja)Posiadłość szaleństwaDodatek do gry przygodowej "Posiadłość szaleństwa". Jest tak wiele wiedzy do zdobycia...gry_planszowe_przygodowe109.989.35https://gryplanszowe.pl/product-pol-4170-Posiadlosc-szalenstwa-Za-progiem-druga-edycja.htmlAutor\Kara Centell-Dunk
Autor\Grace Holdinghaus
Rok wydania\2017
Minimalna liczba graczy\1
Maksymalna liczba graczy\5
Minimalny wiek graczy\14
Maksymalny wiek graczy\99
Minimalny czas gry (min)\120
Maksymalny czas gry (min)\180
Edycja\polska
Instrukcja\polska
WYMIARY OPAKOWANIA:
Wysokość (mm)\255
Szerokość (mm)\255
Głębokość (mm)\50
SKU\106914true
48.0	5902259204473107220This War of Mine (edycja polska)This War of MineGra oparta na "This War of Mine" - obsypanej nagrodami grze komputerowej.
Ponad 1900 skryptów fabularnych - wyjątkowe historie obarczone realnymi konsekwencjami każdego podejmowanego wyboru.gry_planszowe_strategiczne219.9178.78https://gryplanszowe.pl/product-pol-4487-This-War-of-Mine-edycja-polska.htmlAutor\Michał Oracz
Autor\Jakub Wiśniewski
Rok wydania\2017
Minimalna liczba graczy\1
Maksymalna liczba graczy\6
Minimalny wiek graczy\18
Maksymalny wiek graczy\99
Minimalny czas gry (min)\45
Maksymalny czas gry (min)\120
Edycja\polska
Instrukcja\polska
WYMIARY OPAKOWANIA:
Wysokość (mm)\295
Szerokość (mm)\295
Głębokość (mm)\75
SKU\107220true
49.0	5902768471144107286Dzieci kontra Rodzice - KalamburyDzieci kontra RodziceRewelacyjna seria gier rodzinnych! Sprawdźcie wiedzę swoich najbliższych!gry_karciane_rodzinne14.912.11https://gryplanszowe.pl/product-pol-4540-Dzieci-kontra-Rodzice-Kalambury.htmlRok wydania\2017
Minimalna liczba graczy\2
Maksymalna liczba graczy\4
Minimalny wiek graczy\7
Maksymalny wiek graczy\99
Minimalny czas gry (min)\15
Maksymalny czas gry (min)\15
Edycja\polska
Instrukcja\polska
WYMIARY OPAKOWANIA:
Wysokość (mm)\115
Szerokość (mm)\175
Głębokość (mm)\30
SKU\107286true
50.0	5902768471410107296Kalambury dla dzieciKalamburyRewelacyjna zabawa dla dzieci!gry_karciane_dla_dzieci14.912.11https://gryplanszowe.pl/product-pol-4551-Kalambury-dla-dzieci.htmlRok wydania\2017
Minimalna liczba graczy\2
Maksymalna liczba graczy\4
Minimalny wiek graczy\4
Maksymalny wiek graczy\99
Minimalny czas gry (min)\15
Maksymalny czas gry (min)\15
Edycja\polska
Instrukcja\polska
WYMIARY OPAKOWANIA:
Wysokość (mm)\115
Szerokość (mm)\175
Głębokość (mm)\30
SKU\107296true
51.0	5407005150399107333Łamigłówka Huzzle Cast Galaxy - poziom 3_6łamigłówki Huzzle CastNowa odsłona popularnych łamigłówek logicznych prosto z Japonii!
Rozdziel cztery części i złóż z powrotem!łamigłówki_Huzzle_Cast55.044.72https://gryplanszowe.pl/product-pol-4686-Lamiglowka-Huzzle-Cast-Galaxy-poziom-3-6.htmlAutor\Bram Cohen
Rok wydania\2014
Minimalna liczba graczy\
Maksymalna liczba graczy\
Minimalny wiek graczy\
Maksymalny wiek graczy\
Minimalny czas gry (min)\
Maksymalny czas gry (min)\
Edycja\
Instrukcja\
WYMIARY OPAKOWANIA:
Wysokość (mm)\120
Szerokość (mm)\75
Głębokość (mm)\45
SKU\107333true
52.0	8422878706204107720Mancala (Kalaha) (620)KalahaJedna z najstarszych gier dla dwóch osób!
Kolorowe kamienie muszą przyciągnąć Twoją uwagę!gry_planszowe_klasyczne99.080.49https://gryplanszowe.pl/product-pol-4844-Mancala-Kalaha-620.htmlMinimalna liczba graczy\2
Maksymalna liczba graczy\2
Minimalny wiek graczy\8
Maksymalny wiek graczy\99
Minimalny czas gry (min)\15
Maksymalny czas gry (min)\15
Edycja\europejska
Instrukcja\polska
WYMIARY OPAKOWANIA:
Wysokość (mm)\140
Szerokość (mm)\270
Głębokość (mm)\45
SKU\107720true
53.0	8422878616091107723Mah-Jong Deluxe (1609)Mah-JongPopularna gra planszowa, która przetrwała wieki i nadal ma się dobrze! Wersja Deluxe dla prawdziwych koneserów!gry_planszowe_klasyczne249.0202.44https://gryplanszowe.pl/product-pol-4851-Mah-Jong-Deluxe-1609.htmlMinimalna liczba graczy\2
Maksymalna liczba graczy\4
Minimalny wiek graczy\8
Maksymalny wiek graczy\99
Minimalny czas gry (min)\35
Maksymalny czas gry (min)\35
Edycja\europejska
Instrukcja\polska
WYMIARY OPAKOWANIA:
Wysokość (mm)\230
Szerokość (mm)\390
Głębokość (mm)\40
SKU\107723true
54.0	3760096462171107519Brelok do kluczy z podwójną czarno-białą kostką 2x2x2 (standard)-Jak połączyć przyjemne z pożytecznym? Brelok do kluczy + kostka / łamigłówka to idealne rozwiązanie.łamigłówki_zwariowane26.121.22https://gryplanszowe.pl/product-pol-4871-Brelok-do-kluczy-z-podwojna-czarno-biala-kostka-2x2x2-standard.htmlSKU\107519true
55.0	3760096462188107520Brelok do kluczy z podwójną czarno-białą kostką 2x2x2 (karabinek)-Jak połączyć przyjemne z pożytecznym? Brelok do kluczy + kostka / łamigłówka to idealne rozwiązanie.łamigłówki_zwariowane26.121.22https://gryplanszowe.pl/product-pol-4872-Brelok-do-kluczy-z-podwojna-czarno-biala-kostka-2x2x2-karabinek.htmlSKU\107520true
56.0	3760096462904107527Czarno-biała kostka 2x2x2 (DUŻA)-Duża wersja klasycznej kostki 2x2x2!łamigłówki_zwariowane38.731.46https://gryplanszowe.pl/product-pol-4879-Czarno-biala-kostka-2x2x2-DUZA.htmlAutor\
Rok wydania\
Minimalna liczba graczy\1
Maksymalna liczba graczy\1
Minimalny wiek graczy\
Maksymalny wiek graczy\
Minimalny czas gry (min)\
Maksymalny czas gry (min)\
Edycja\
Instrukcja\
WYMIARY OPAKOWANIA:
Wysokość (mm)\90
Szerokość (mm)\90
Głębokość (mm)\90
SKU\107527true
57.0	5902259204794107986Exit: Stacja badawczaEscape RoomZnajdź rozwiązanie tajemniczej zagadki! Escape Room w Twoim domu!gry_karciane_przygodowe55.044.72https://gryplanszowe.pl/product-pol-4897-Exit-Stacja-badawcza.htmlAutor\Inka Brand
Autor\Markus Brand
Rok wydania\2018
Minimalna liczba graczy\1
Maksymalna liczba graczy\4
Minimalny wiek graczy\12
Maksymalny wiek graczy\99
Minimalny czas gry (min)\45
Maksymalny czas gry (min)\90
Edycja\polska
Instrukcja\polska
WYMIARY OPAKOWANIA:
Wysokość (mm)\180
Szerokość (mm)\130
Głębokość (mm)\40
SKU\107986true
58.0	5902259204817107987Exit: Zakazany zamekEscape RoomZnajdź rozwiązanie tajemniczej zagadki! Escape Room w Twoim domu!gry_karciane_przygodowe49.940.57https://gryplanszowe.pl/product-pol-4898-Exit-Zakazany-zamek.htmlAutor\Inka Brand
Autor\Markus Brand
Rok wydania\2018
Minimalna liczba graczy\1
Maksymalna liczba graczy\4
Minimalny wiek graczy\12
Maksymalny wiek graczy\99
Minimalny czas gry (min)\45
Maksymalny czas gry (min)\90
Edycja\polska
Instrukcja\polska
WYMIARY OPAKOWANIA:
Wysokość (mm)\180
Szerokość (mm)\130
Głębokość (mm)\40
SKU\107987true
59.0	5902259204800107988Exit: Zapomniana wyspaEscape RoomZnajdź rozwiązanie tajemniczej zagadki! Escape Room w Twoim domu!gry_karciane_przygodowe49.940.57https://gryplanszowe.pl/product-pol-4899-Exit-Zapomniana-wyspa.htmlAutor\Inka Brand
Autor\Markus Brand
Rok wydania\2018
Minimalna liczba graczy\1
Maksymalna liczba graczy\4
Minimalny wiek graczy\12
Maksymalny wiek graczy\99
Minimalny czas gry (min)\45
Maksymalny czas gry (min)\90
Edycja\polska
Instrukcja\polska
WYMIARY OPAKOWANIA:
Wysokość (mm)\180
Szerokość (mm)\130
Głębokość (mm)\40
SKU\107988true
60.0	8716096014495107966Balansujący słoń - gra zręcznościowa (HG)-Zręcznościowa zabawa dla dwóch osób.gry_dla_dzieci_inne27.021.95https://gryplanszowe.pl/product-pol-4952-Balansujacy-slon-gra-zrecznosciowa-HG.htmlMinimalna liczba graczy\1
Maksymalna liczba graczy\4
Minimalny wiek graczy\5
Maksymalny wiek graczy\99
Minimalny czas gry (min)\15
Maksymalny czas gry (min)\15
Edycja\europejska
Instrukcja\polska
WYMIARY OPAKOWANIA:
Wysokość (mm)\120
Szerokość (mm)\190
Głębokość (mm)\30
SKU\107966true
61.0	5902768471632108055Zgroza XD-Prosta gra imprezowa, doskonała do rozegrania w krótkim czasie!gry_karciane_imprezowe29.924.31https://gryplanszowe.pl/product-pol-5304-Zgroza-XD.htmlAutor\Maciej Sprzęgaj
Autor\Jan Madejski
Rok wydania\2018
Minimalna liczba graczy\3
Maksymalna liczba graczy\6
Minimalny wiek graczy\12
Maksymalny wiek graczy\99
Minimalny czas gry (min)\15
Maksymalny czas gry (min)\15
Edycja\polska
Instrukcja\polska
WYMIARY OPAKOWANIA:
Wysokość (mm)\175
Szerokość (mm)\185
Głębokość (mm)\45
SKU\108055true
62.0	5902259204664108057Posiadłość szaleństwa: Ulice Arkham (druga edycja)Posiadłość szaleństwaDodatek do gry przygodowej "Posiadłość szaleństwa". Miasto w niebezpieczeństwie...gry_planszowe_przygodowe219.9178.78https://gryplanszowe.pl/product-pol-5308-Posiadlosc-szalenstwa-Ulice-Arkham-druga-edycja.htmlAutor\Kara Centell-Dunk
Autor\Grace Holdinghaus
Autor\Tony Fanchi
Rok wydania\2018
Minimalna liczba graczy\1
Maksymalna liczba graczy\5
Minimalny wiek graczy\14
Maksymalny wiek graczy\99
Minimalny czas gry (min)\120
Maksymalny czas gry (min)\180
Edycja\polska
Instrukcja\polska
WYMIARY OPAKOWANIA:
Wysokość (mm)\295
Szerokość (mm)\295
Głębokość (mm)\75
SKU\108057true
63.0	5902259204824108218TuaregTuaregGra karciana dla dwóch osób.gry_karciane_rodzinne79.9965.03https://gryplanszowe.pl/product-pol-5391-Tuareg.htmlAutor\Andreas Steiger
Rok wydania\2018
Minimalna liczba graczy\2
Maksymalna liczba graczy\2
Minimalny wiek graczy\12
Maksymalny wiek graczy\99
Minimalny czas gry (min)\60
Maksymalny czas gry (min)\60
Edycja\polska
Instrukcja\polska
WYMIARY OPAKOWANIA:
Wysokość (mm)\205
Szerokość (mm)\205
Głębokość (mm)\50
SKU\108218true
64.0	5902259204671108261Fallout (edycja polska)FalloutPostnuklearna, przygodowa gra planszowa!gry_planszowe_przygodowe249.9203.17https://gryplanszowe.pl/product-pol-5466-Fallout-edycja-polska.htmlAutor\Andrew Fisher
Autor\Nathan Hajek
Rok wydania\2018
Minimalna liczba graczy\1
Maksymalna liczba graczy\4
Minimalny wiek graczy\14
Maksymalny wiek graczy\99
Minimalny czas gry (min)\120
Maksymalny czas gry (min)\180
Edycja\polska
Instrukcja\polska
WYMIARY OPAKOWANIA:
Wysokość (mm)\295
Szerokość (mm)\295
Głębokość (mm)\75
SKU\108261true
65.0	5902259204862108331Posiadłość szaleństwa: Świątynia świtu (druga edycja)Posiadłość szaleństwaDodatek do gry przygodowej "Posiadłość szaleństwa". Wedrzyjcie się do Wewnętrznego Sanktuarium...gry_planszowe_przygodowe119.997.48https://gryplanszowe.pl/product-pol-5576-Posiadlosc-szalenstwa-Swiatynia-switu-druga-edycja.htmlAutor\Kara Centell-Dunk
Autor\Grace Holdinghaus
Autor\Colin Phelps
Rok wydania\2018
Minimalna liczba graczy\1
Maksymalna liczba graczy\5
Minimalny wiek graczy\14
Maksymalny wiek graczy\99
Minimalny czas gry (min)\120
Maksymalny czas gry (min)\180
Edycja\polska
Instrukcja\polska
WYMIARY OPAKOWANIA:
Wysokość (mm)\255
Szerokość (mm)\255
Głębokość (mm)\50
SKU\108331true
66.0	5904413300137108325Kakao - dodatek Nowe szałasyKakaoDodatek do bestsellerowej gry rodzinnej "Kakao".gry_planszowe_rodzinne9.98.05https://gryplanszowe.pl/product-pol-5595-Kakao-dodatek-Nowe-szalasy.htmlAutor\Phil Walker-Harding
Rok wydania\2016
Minimalna liczba graczy\2
Maksymalna liczba graczy\4
Minimalny wiek graczy\8
Maksymalny wiek graczy\99
Minimalny czas gry (min)\45
Maksymalny czas gry (min)\45
Edycja\europejska
Instrukcja\polska
WYMIARY OPAKOWANIA:
Wysokość (mm)\150
Szerokość (mm)\150
Głębokość (mm)\5
SKU\108325true
67.0	8717072004011108426Mah-Jong w zielonym etui (HG)Mah-JongPopularna gra planszowa, która przetrwała wieki i nadal ma się dobrze!gry_planszowe_klasyczne269.0218.7https://gryplanszowe.pl/product-pol-5693-Mah-Jong-w-zielonym-etui-HG.htmlMinimalna liczba graczy\4
Maksymalna liczba graczy\4
Minimalny wiek graczy\8
Maksymalny wiek graczy\99
Minimalny czas gry (min)\120
Maksymalny czas gry (min)\120
Edycja\europejska
Instrukcja\polska
WYMIARY OPAKOWANIA:
Wysokość (mm)\205
Szerokość (mm)\265
Głębokość (mm)\35
SKU\108426true
68.0	8717072000501108427Mah-Jong w czarnym etui (HG)Mah-JongPopularna gra planszowa, która przetrwała wieki i nadal ma się dobrze!gry_planszowe_klasyczne329.0267.48https://gryplanszowe.pl/product-pol-5694-Mah-Jong-w-czarnym-etui-HG.htmlMinimalna liczba graczy\4
Maksymalna liczba graczy\4
Minimalny wiek graczy\8
Maksymalny wiek graczy\99
Minimalny czas gry (min)\120
Maksymalny czas gry (min)\120
Edycja\europejska
Instrukcja\polska
WYMIARY OPAKOWANIA:
Wysokość (mm)\220
Szerokość (mm)\305
Głębokość (mm)\40
SKU\108427true
69.0	5902259205005108623Horror w Arkham (trzecia edycja)Horror w ArkhamKooperacyjna gra planszowa o ponurych wydarzeniach i przedwiecznej grozie.gry_planszowe_przygodowe349.9284.47https://gryplanszowe.pl/product-pol-5787-Horror-w-Arkham-trzecia-edycja.htmlAutor\Nikki Valens
Rok wydania\2019
Minimalna liczba graczy\1
Maksymalna liczba graczy\6
Minimalny wiek graczy\14
Maksymalny wiek graczy\99
Minimalny czas gry (min)\120
Maksymalny czas gry (min)\180
Edycja\polska
Instrukcja\polska
WYMIARY OPAKOWANIA:
Wysokość (mm)\295
Szerokość (mm)\295
Głębokość (mm)\75
SKU\108623true
70.0	5902259205180108694Exit: Zatopiony skarbEscape RoomZnajdź rozwiązanie tajemniczej zagadki! Escape Room w Twoim domu!gry_karciane_przygodowe49.940.57https://gryplanszowe.pl/product-pol-5891-Exit-Zatopiony-skarb.htmlAutor\Inka Brand
Autor\Markus Brand
Ilustrator\Michael Menzel
Rok wydania\2019
Minimalna liczba graczy\1
Maksymalna liczba graczy\4
Minimalny wiek graczy\10
Maksymalny wiek graczy\99
Minimalny czas gry (min)\45
Maksymalny czas gry (min)\90
Edycja\polska
Instrukcja\polska
WYMIARY OPAKOWANIA:
Wysokość (mm)\180
Szerokość (mm)\130
Głębokość (mm)\40
SKU\108694true
71.0	5902259205197108695Exit: Śmierć w Orient ExpressieEscape RoomZnajdź rozwiązanie tajemniczej zagadki! Escape Room w Twoim domu!gry_karciane_przygodowe49.940.57https://gryplanszowe.pl/product-pol-5892-Exit-Smierc-w-Orient-Expressie.htmlAutor\Inka Brand
Autor\Markus Brand
Ilustrator\Claus Stephan
Rok wydania\2019
Minimalna liczba graczy\1
Maksymalna liczba graczy\4
Minimalny wiek graczy\12
Maksymalny wiek graczy\99
Minimalny czas gry (min)\45
Maksymalny czas gry (min)\90
Edycja\polska
Instrukcja\polska
WYMIARY OPAKOWANIA:
Wysokość (mm)\180
Szerokość (mm)\130
Głębokość (mm)\40
SKU\108695true
72.0	5907608646744108797Ciało człowieka - gra edukacyjnaKapitan NaukaEdukacyjna gra dla dzieci. Zostań znawcą ludzkiego ciała!gry_dla_dzieci_edukacyjne29.924.31https://gryplanszowe.pl/product-pol-5944-Cialo-czlowieka-gra-edukacyjna.htmlAutor\Magdalena Jarzębowska
Ilustrator\Katarzyna Urbaniak
Rok wydania\2019
Minimalna liczba graczy\2
Maksymalna liczba graczy\4
Minimalny wiek graczy\6
Maksymalny wiek graczy\12
Minimalny czas gry (min)\20
Maksymalny czas gry (min)\40
Edycja\polska
Instrukcja\polska
WYMIARY OPAKOWANIA:
Wysokość (mm)\250
Szerokość (mm)\245
Głębokość (mm)\60
SKU\108797true
73.0	5902768471854108832Polak Mały - KalamburyPolak MałyPopularna gra dla dzieci!gry_dla_dzieci_karciane14.912.11https://gryplanszowe.pl/product-pol-5968-Polak-Maly-Kalambury.htmlRok wydania\2019
Minimalna liczba graczy\2
Maksymalna liczba graczy\4
Minimalny wiek graczy\4
Maksymalny wiek graczy\99
Minimalny czas gry (min)\15
Maksymalny czas gry (min)\15
Edycja\polska
Instrukcja\polska
WYMIARY OPAKOWANIA:
Wysokość (mm)\115
Szerokość (mm)\175
Głębokość (mm)\30
SKU\108832true
74.0	5902259202820108964Catan: Odkrywcy i Piraci - dodatek dla 5_6 graczyCatanDodatek do bestsellerowej gry rodzinnej "Catan". Piraci na horyzoncie!gry_planszowe_rodzinne72.959.27https://gryplanszowe.pl/product-pol-6098-Catan-Odkrywcy-i-Piraci-dodatek-dla-5-6-graczy.htmlAutor\Klaus Teuber
Ilustrator\Michael Menzel
Rok wydania\2015
Minimalna liczba graczy\5
Maksymalna liczba graczy\6
Minimalny wiek graczy\12
Maksymalny wiek graczy\99
Minimalny czas gry (min)\120
Maksymalny czas gry (min)\120
Edycja\polska
Instrukcja\polska
WYMIARY OPAKOWANIA:
Wysokość (mm)\295
Szerokość (mm)\150
Głębokość (mm)\45
SKU\108964true
75.0	5902259205357108963Horror w Arkham: Śmiertelna głębia nocy (trzecia edycja)Horror w ArkhamRozszerzenie do gry kooperacyjnej "Horror w Arkham".gry_planszowe_przygodowe114.993.41https://gryplanszowe.pl/product-pol-6099-Horror-w-Arkham-Smiertelna-glebia-nocy-trzecia-edycja.htmlAutor\Philip D. Henry
Autor\Daniel Lovat Clark
Rok wydania\2019
Minimalna liczba graczy\1
Maksymalna liczba graczy\6
Minimalny wiek graczy\14
Maksymalny wiek graczy\99
Minimalny czas gry (min)\120
Maksymalny czas gry (min)\180
Edycja\polska
Instrukcja\polska
WYMIARY OPAKOWANIA:
Wysokość (mm)\205
Szerokość (mm)\205
Głębokość (mm)\40
SKU\108963true
76.0	5907758708101109045Dzieci kontra Rodzice - Mój dzień (puzzlobajka)Dzieci kontra RodziceWspaniała zabawa dla maluchów! Bajka, którą opowiadamy puzzlami.gry_dla_dzieci_edukacyjne19.9916.25https://gryplanszowe.pl/product-pol-6178-Dzieci-kontra-Rodzice-Moj-dzien-puzzlobajka.htmlRok wydania\2020
Minimalna liczba graczy\1
Maksymalna liczba graczy\1
Minimalny wiek graczy\2
Maksymalny wiek graczy\3
Minimalny czas gry (min)\15
Maksymalny czas gry (min)\15
Edycja\polska
Instrukcja\polska
WYMIARY OPAKOWANIA:
Wysokość (mm)\140
Szerokość (mm)\205
Głębokość (mm)\40
SKU\109045true
77.0	5902259205364109144Talisman: Legendarne opowieściTalismanKooperacyjna gra rodzinna. Poznajcie legendarną opowieść w trakcie pięciu różnych przygód!gry_planszowe_rodzinne139.99113.81https://gryplanszowe.pl/product-pol-6240-Talisman-Legendarne-opowiesci.htmlAutor\Michael Palm
Autor\Lukas Zach
Ilustrator\Falk Holzapfel
Rok wydania\2020
Minimalna liczba graczy\1
Maksymalna liczba graczy\6
Minimalny wiek graczy\8
Maksymalny wiek graczy\99
Minimalny czas gry (min)\20
Maksymalny czas gry (min)\40
Edycja\polska
Instrukcja\polska
WYMIARY OPAKOWANIA:
Wysokość (mm)\295
Szerokość (mm)\295
Głębokość (mm)\75
SKU\109144true
78.0	5907758708262109252Dzieci kontra Rodzice - Przyjaciele (puzzlobajka)Dzieci kontra RodziceWspaniała zabawa dla maluchów! Bajka, którą opowiadamy puzzlami.gry_dla_dzieci_edukacyjne19.9916.25https://gryplanszowe.pl/product-pol-6406-Dzieci-kontra-Rodzice-Przyjaciele-puzzlobajka.htmlRok wydania\2020
Minimalna liczba graczy\1
Maksymalna liczba graczy\1
Minimalny wiek graczy\2
Maksymalny wiek graczy\3
Minimalny czas gry (min)\15
Maksymalny czas gry (min)\15
Edycja\polska
Instrukcja\polska
WYMIARY OPAKOWANIA:
Wysokość (mm)\140
Szerokość (mm)\205
Głębokość (mm)\40
SKU\109252true
79.0	8716096005219104733Mah-Jong w zielonej walizce (250401) (HG)Mah-JongPopularna gra planszowa, która przetrwała wieki i nadal ma się dobrze!gry_planszowe_klasyczne509.0413.82https://gryplanszowe.pl/product-pol-6487-Mah-Jong-w-zielonej-walizce-250401-HG.htmlMinimalna liczba graczy\4
Maksymalna liczba graczy\4
Minimalny wiek graczy\12
Maksymalny wiek graczy\99
Minimalny czas gry (min)\120
Maksymalny czas gry (min)\120
Edycja\europejska
Instrukcja\polska
WYMIARY OPAKOWANIA:
Wysokość (mm)\210
Szerokość (mm)\330
Głębokość (mm)\30
SKU\104733true
80.0	5905669227148109318Gierki małżeńskie: KalamburyGierki małżeńskieImprezowa gra planszowa z rysunkami Andrzeja Mleczki.gry_planszowe_imprezowe99.080.49https://gryplanszowe.pl/product-pol-6500-Gierki-malzenskie-Kalambury.htmlAutor\Paweł Loroch
Ilustrator\Andrzej Mleczko
Rok wydania\2017
Minimalna liczba graczy\2
Maksymalna liczba graczy\8
Minimalny wiek graczy\16
Maksymalny wiek graczy\99
Minimalny czas gry (min)\45
Maksymalny czas gry (min)\60
Edycja\polska
Instrukcja\polska
WYMIARY OPAKOWANIA:
Wysokość (mm)\260
Szerokość (mm)\260
Głębokość (mm)\65
SKU\109318true
81.0	5902259205029109327Posiadłość szaleństwa: Przerażające podróże (druga edycja)Posiadłość szaleństwaDodatek do gry przygodowej "Posiadłość szaleństwa". Wszyscy na pokład!gry_planszowe_przygodowe219.9178.78https://gryplanszowe.pl/product-pol-6508-Posiadlosc-szalenstwa-Przerazajace-podroze-druga-edycja.htmlAutor\Kara Centell-Dunk
Autor\Jim Cartwright
Autor\Alex Schlee
Autor\Yu-Chi Wang
Rok wydania\2020
Minimalna liczba graczy\1
Maksymalna liczba graczy\5
Minimalny wiek graczy\14
Maksymalny wiek graczy\99
Minimalny czas gry (min)\120
Maksymalny czas gry (min)\180
Edycja\polska
Instrukcja\polska
WYMIARY OPAKOWANIA:
Wysokość (mm)\295
Szerokość (mm)\295
Głębokość (mm)\75
SKU\109327true
82.0	5998476500153109339Kostka GAN 3x3x3 Rubik's RSCKostka GANPołączenie dwóch znakomitych marek: Rubik i GAN. Rezultatem jest oszałamiająca kostka!łamigłówki_kostka_GAN99.9981.29https://gryplanszowe.pl/product-pol-6565-Kostka-GAN-3x3x3-Rubiks-RSC.htmlMinimalna liczba graczy\1
Maksymalna liczba graczy\1
Minimalny wiek graczy\6
Maksymalny wiek graczy\99
Edycja\angielska
WYMIARY OPAKOWANIA:
Wysokość (mm)\85
Szerokość (mm)\85
Głębokość (mm)\85
SKU\109339true
83.0	5902259205814109365Załoga. W poszukiwaniu dziewiątej planety.-Kooperacyjna gra karciana. Czeka na was pięćdziesiąt misji do wykonania!gry_karciane_logiczne54.043.9https://gryplanszowe.pl/product-pol-6582-Zaloga-W-poszukiwaniu-dziewiatej-planety.htmlAutor\Thomas Sing
Ilustrator\Marco Armbruster
Rok wydania\2020
Minimalna liczba graczy\2
Maksymalna liczba graczy\5
Minimalny wiek graczy\10
Maksymalny wiek graczy\99
Minimalny czas gry (min)\20
Maksymalny czas gry (min)\20
Edycja\polska
Instrukcja\polska
WYMIARY OPAKOWANIA:
Wysokość (mm)\180
Szerokość (mm)\130
Głębokość (mm)\40
SKU\109365true
84.0	5012269071108109449Puzzle 1000 el. Nasza wspaniała planetaPuzzle - Hartwig BraunPuzzle marki Gibsons składające się z 1000 elementów.puzzle_dla_dorosłych68.055.28https://gryplanszowe.pl/product-pol-6670-Puzzle-1000-el-Nasza-wspaniala-planeta.htmlLiczba elementów\1000
Autor\Hartwig Braun
Jakość wykonania\
Tematyka puzzli\Ziemia
Tematyka puzzli\świat
Tematyka puzzli\mapa świata
Wymiary puzzli po ułożeniu\480x680 mm
Rok wydania\
Cechy dodatkowe\
WYMIARY OPAKOWANIA:
Wysokość (mm)\240
Szerokość (mm)\340
Głębokość (mm)\60
SKU\109449true
85.0	5901838002967109558Poznajemy czas - układanka edukacyjna-Układanka przybliży dzieciom działanie zegara, a także pomoże im zaplanować dzień.gry_dla_dzieci_edukacyjne19.9916.25https://gryplanszowe.pl/product-pol-6757-Poznajemy-czas-ukladanka-edukacyjna.htmlRok wydania\2020
Minimalna liczba graczy\1
Maksymalna liczba graczy\6
Minimalny wiek graczy\4
Maksymalny wiek graczy\6
Minimalny czas gry (min)\30
Maksymalny czas gry (min)\30
Edycja\polska
Instrukcja\polska
WYMIARY OPAKOWANIA:
Wysokość (mm)\170
Szerokość (mm)\185
Głębokość (mm)\45
SKU\109558true
86.0	5902259205869109656Horror w Arkham: Wśród mrocznych fal (trzecia edycja)Horror w ArkhamRozszerzenie do gry kooperacyjnej "Horror w Arkham".gry_planszowe_przygodowe199.9162.52https://gryplanszowe.pl/product-pol-6771-Horror-w-Arkham-Wsrod-mrocznych-fal-trzecia-edycja.htmlAutor\Philip D. Henry
Autor\Daniel Lovat Clark
Autor\Tim Uren
Rok wydania\2020
Minimalna liczba graczy\1
Maksymalna liczba graczy\6
Minimalny wiek graczy\14
Maksymalny wiek graczy\99
Minimalny czas gry (min)\120
Maksymalny czas gry (min)\180
Edycja\polska
Instrukcja\polska
WYMIARY OPAKOWANIA:
Wysokość (mm)\295
Szerokość (mm)\295
Głębokość (mm)\75
SKU\109656true
87.0	4001504589561109423PQ Puzzle 1000 el. Balony nad Mandalaj _ Mjanma-Puzzle składające się z 1000 elementów!
Najwyższa jakość puzzli marki Schmidt Spiele!puzzle_dla_dorosłych48.039.02https://gryplanszowe.pl/product-pol-6784-PQ-Puzzle-1000-el-Balony-nad-Mandalaj-Mjanma.htmlLiczba elementów\1000
Autor\
Jakość wykonania\Premium Quality
Tematyka puzzli\balony
Tematyka puzzli\las
Tematyka puzzli\świątynia
Wymiary puzzli po ułożeniu\493x693 mm
Rok wydania\
Cechy dodatkowe\
WYMIARY OPAKOWANIA:
Wysokość (mm)\275
Szerokość (mm)\375
Głębokość (mm)\60
SKU\109423true
88.0	5900511019131109673Kalambury JuniorKalamburyPopularna gra w kalambury w wersji dla dzieci. 300 haseł obrazkowych!gry_dla_dzieci_karciane44.035.77https://gryplanszowe.pl/product-pol-6888-Kalambury-Junior.htmlAutor\Mariusz Majchrowski
Rok wydania\2020
Minimalna liczba graczy\4
Maksymalna liczba graczy\12
Minimalny wiek graczy\4
Maksymalny wiek graczy\99
Minimalny czas gry (min)\30
Maksymalny czas gry (min)\60
Edycja\polska
Instrukcja\polska
WYMIARY OPAKOWANIA:
Wysokość (mm)\260
Szerokość (mm)\145
Głębokość (mm)\100
SKU\109673true
89.0	5900511019582109680Mistrz Wiedzy - WynalazkiMistrz WiedzyMistrz Wiedzy - seria edukacyjnych gier dla dzieci.gry_dla_dzieci_edukacyjne27.021.95https://gryplanszowe.pl/product-pol-6895-Mistrz-Wiedzy-Wynalazki.htmlRok wydania\2020
Minimalna liczba graczy\2
Maksymalna liczba graczy\4
Minimalny wiek graczy\6
Maksymalny wiek graczy\9
Minimalny czas gry (min)\20
Maksymalny czas gry (min)\20
Edycja\polska
Instrukcja\polska
WYMIARY OPAKOWANIA:
Wysokość (mm)\290
Szerokość (mm)\195
Głębokość (mm)\40
SKU\109680true
90.0	5901838000710109699Obcy-Kooperacyjna gra planszowa, w której drużyny Ziemian i Obcych toczą walkę o zwycięstwo w galaktycznej wojnie.gry_planszowe_kooperacyjne44.035.77https://gryplanszowe.pl/product-pol-6914-Obcy.htmlRok wydania\2020
Minimalna liczba graczy\2
Maksymalna liczba graczy\8
Minimalny wiek graczy\12
Maksymalny wiek graczy\99
Minimalny czas gry (min)\90
Maksymalny czas gry (min)\90
Edycja\polska
Instrukcja\polska
WYMIARY OPAKOWANIA:
Wysokość (mm)\250
Szerokość (mm)\250
Głębokość (mm)\60
SKU\109699true
91.0	5902259205838109700Exit: Tajemnicze muzeumEscape RoomZnajdź rozwiązanie tajemniczej zagadki! Escape Room w Twoim domu!gry_karciane_przygodowe55.044.72https://gryplanszowe.pl/product-pol-6915-Exit-Tajemnicze-muzeum.htmlAutor\Inka Brand
Autor\Markus Brand
Autor\Ralph Querfurth
Ilustrator\Michael Menzel
Rok wydania\2020
Minimalna liczba graczy\1
Maksymalna liczba graczy\4
Minimalny wiek graczy\10
Maksymalny wiek graczy\99
Minimalny czas gry (min)\45
Maksymalny czas gry (min)\90
Edycja\polska
Instrukcja\polska
WYMIARY OPAKOWANIA:
Wysokość (mm)\180
Szerokość (mm)\130
Głębokość (mm)\40
SKU\109700true
92.0	5902259205975109701Exit: Złowieszcza posiadłośćEscape RoomZnajdź rozwiązanie tajemniczej zagadki! Escape Room w Twoim domu!gry_karciane_przygodowe49.940.57https://gryplanszowe.pl/product-pol-6916-Exit-Zlowieszcza-posiadlosc.htmlAutor\Inka Brand
Autor\Markus Brand
Autor\Ralph Querfurth
Ilustrator\Martin Hoffmann
Rok wydania\2020
Minimalna liczba graczy\1
Maksymalna liczba graczy\4
Minimalny wiek graczy\12
Maksymalny wiek graczy\99
Minimalny czas gry (min)\45
Maksymalny czas gry (min)\90
Edycja\polska
Instrukcja\polska
WYMIARY OPAKOWANIA:
Wysokość (mm)\180
Szerokość (mm)\130
Głębokość (mm)\40
SKU\109701true
93.0	5902259205425109716Posiadłość szaleństwa: Ścieżka węża (druga edycja)Posiadłość szaleństwaDodatek do gry przygodowej "Posiadłość szaleństwa". Witajcie w dżungli,,,gry_planszowe_przygodowe219.9178.78https://gryplanszowe.pl/product-pol-6925-Posiadlosc-szalenstwa-Sciezka-weza-druga-edycja.htmlAutor\Kara Centell-Dunk
Autor\Amudha Venugopalan
Rok wydania\2020
Minimalna liczba graczy\1
Maksymalna liczba graczy\5
Minimalny wiek graczy\14
Maksymalny wiek graczy\99
Minimalny czas gry (min)\120
Maksymalny czas gry (min)\180
Edycja\polska
Instrukcja\polska
WYMIARY OPAKOWANIA:
Wysokość (mm)\295
Szerokość (mm)\295
Głębokość (mm)\75
SKU\109716true
94.0	5012269062663109661Puzzle 1000 el. Dzieło sztuki-Puzzle marki Gibsons składające się z 1000 elementów.puzzle_dla_dorosłych68.055.28https://gryplanszowe.pl/product-pol-6960-Puzzle-1000-el-Dzielo-sztuki.htmlLiczba elementów\1000
Autor\Steve Crisp
Jakość wykonania\
Tematyka puzzli\sztuka
Tematyka puzzli\ludzie
Wymiary puzzli po ułożeniu\490x680 mm
Rok wydania\
Cechy dodatkowe\
WYMIARY OPAKOWANIA:
Wysokość (mm)\240
Szerokość (mm)\240
Głębokość (mm)\60
SKU\109661true
95.0	4005556125296109862Puzzle 3D - Pałac Buckingham (Night Edition)Puzzle 3D - RavensburgerZbuduj jedną z najbardziej znanych budowli świata - rezydencję brytyjskich monarchów.puzzle_dla_dzieci119.997.48https://gryplanszowe.pl/product-pol-7099-Puzzle-3D-Palac-Buckingham-Night-Edition.htmlLiczba elementów\216
Edycja\europejska
Instrukcja\europejska
Autor\
Jakość wykonania\
Tematyka puzzli\Londyn
Tematyka puzzli\Wielka Brytania
Tematyka puzzli\zabytki
Wymiary puzzli po ułożeniu\
Rok wydania\
Cechy dodatkowe\3D
Wiek układającego\od 8 lat
WYMIARY OPAKOWANIA:
Wysokość (mm)\190
Szerokość (mm)\275
Głębokość (mm)\70
SKU\109862true
96.0	5902259206088109872Mysthea-Wciel się w rolę Wybrańca i walcz o dominację w rozbitej krainie, skupionej wokół mitycznego Kryształu.gry_planszowe_strategiczne269.0218.7https://gryplanszowe.pl/product-pol-7110-Mysthea.htmlAutor\Martino Chiacchiera
Autor\Marta Ciaccasassi
Ilustrator\Travis Anderson
Rok wydania\2020
Minimalna liczba graczy\2
Maksymalna liczba graczy\5
Minimalny wiek graczy\14
Maksymalny wiek graczy\99
Minimalny czas gry (min)\120
Maksymalny czas gry (min)\150
Edycja\polska
Instrukcja\polska
WYMIARY OPAKOWANIA:
Wysokość (mm)\325
Szerokość (mm)\325
Głębokość (mm)\100
SKU\109872true
97.0	5902259206019109894Wampir: Maskarada - WendetaWampir: MaskaradaKarciana gra strategii, blefu i dedukcji.gry_karciane_strategiczne99.080.49https://gryplanszowe.pl/product-pol-7141-Wampir-Maskarada-Wendeta.htmlAutor\Charlie Cleveland
Autor\Bruno Faidutti
Ilustrator\Martin Mottet
Rok wydania\2020
Minimalna liczba graczy\3
Maksymalna liczba graczy\6
Minimalny wiek graczy\14
Maksymalny wiek graczy\99
Minimalny czas gry (min)\30
Maksymalny czas gry (min)\30
Edycja\polska
Instrukcja\polska
WYMIARY OPAKOWANIA:
Wysokość (mm)\255
Szerokość (mm)\255
Głębokość (mm)\70
SKU\109894true
98.0	5902259206033109919Talisman: Batman (edycja Superłotrów)TalismanZostań Superłotrem w specjalnej edycji bestsellerowej gry "Talisman"!gry_planszowe_przygodowe249.99203.24https://gryplanszowe.pl/product-pol-7156-Talisman-Batman-edycja-Superlotrow.htmlAutor\Robert Harris
Autor\Patrick Marino
Rok wydania\2020
Minimalna liczba graczy\2
Maksymalna liczba graczy\6
Minimalny wiek graczy\14
Maksymalny wiek graczy\99
Minimalny czas gry (min)\90
Maksymalny czas gry (min)\120
Edycja\polska
Instrukcja\polska
WYMIARY OPAKOWANIA:
Wysokość (mm)\295
Szerokość (mm)\295
Głębokość (mm)\90
SKU\109919true
99.0	4005556150274110014Puzzle 1000 el. Mała Syrenka (Złoczyńcy Disneya - Urszula)Puzzle - Villainous (Złoczyńcy Disneya)Puzzle marki Ravensburger składające się 1000 elementów.puzzle_dla_dorosłych59.9948.77https://gryplanszowe.pl/product-pol-7210-Puzzle-1000-el-Mala-Syrenka-Zloczyncy-Disneya-Urszula.htmlLiczba elementów\1000
Tematyka puzzli\bajki
Tematyka puzzli\Disney
Tematyka puzzli\Mała Syrenka
Wymiary puzzli po ułożeniu\500x700 mm
Rok wydania\
Cechy dodatkowe\
WYMIARY OPAKOWANIA:
Wysokość (mm)\275
Szerokość (mm)\375
Głębokość (mm)\55
SKU\110014true
100.0	4001504589707110007PQ Puzzle 1500 el. Zachód słońca nad Wambergiem-Puzzle składające się z 1500 elementów!
Najwyższa jakość puzzli marki Schmidt Spiele!puzzle_dla_dorosłych74.060.16https://gryplanszowe.pl/product-pol-7235-PQ-Puzzle-1500-el-Zachod-slonca-nad-Wambergiem.htmlLiczba elementów\1500
Autor\
Jakość wykonania\Premium Quality
Tematyka puzzli\zachód słońca
Tematyka puzzli\góry
Tematyka puzzli\wieś
Tematyka puzzli\Niemcy
Wymiary puzzli po ułożeniu\598x846 mm
Rok wydania\
Cechy dodatkowe\
WYMIARY OPAKOWANIA:
Wysokość (mm)\275
Szerokość (mm)\375
Głębokość (mm)\60
SKU\110007true
101.0	4005556150236110045Puzzle 1000 el. Aladyn (Złoczyńcy Disneya - Dżafar)Puzzle - Villainous (Złoczyńcy Disneya)Puzzle marki Ravensburger składające się 1000 elementów.puzzle_dla_dorosłych59.9948.77https://gryplanszowe.pl/product-pol-7281-Puzzle-1000-el-Aladyn-Zloczyncy-Disneya-Dzafar.htmlLiczba elementów\1000
Autor\
Jakość wykonania\
Tematyka puzzli\bajki
Tematyka puzzli\Disney
Tematyka puzzli\Aladyn
Wymiary puzzli po ułożeniu\500x700 mm
Rok wydania\
Cechy dodatkowe\
WYMIARY OPAKOWANIA:
Wysokość (mm)\275
Szerokość (mm)\375
Głębokość (mm)\55
SKU\110045true
102.0	8412668186392110102Puzzle 100 el. AladynEduca - Disney PuzzlesPuzzle dla dzieci marki Educa składające się ze 100 elementów.puzzle_dla_dzieci34.027.64https://gryplanszowe.pl/product-pol-7293-Puzzle-100-el-Aladyn.htmlLiczba elementów\100
Autor\
Jakość wykonania\
Tematyka puzzli\bajki
Tematyka puzzli\Disney
Tematyka puzzli\Aladyn
Wiek układającego\od 6 lat
Wymiary puzzli po ułożeniu\280x400 mm
Rok wydania\
Cechy dodatkowe\
WYMIARY OPAKOWANIA:
Wysokość (mm)\215
Szerokość (mm)\315
Głębokość (mm)\45
SKU\110102true
103.0	8412668189997110170Puzzle 500 el. Koala-Puzzle marki Educa składające się z 500 elementów.puzzle_dla_dorosłych39.031.71https://gryplanszowe.pl/product-pol-7372-Puzzle-500-el-Koala.htmlLiczba elementów\500
Autor\
Jakość wykonania\
Tematyka puzzli\koala
Tematyka puzzli\drzewa
Tematyka puzzli\Australia
Wiek układającego\od 11 lat
Wymiary puzzli po ułożeniu\480x340 mm
Rok wydania\
Cechy dodatkowe\
WYMIARY OPAKOWANIA:
Wysokość (mm)\335
Szerokość (mm)\235
Głębokość (mm)\45
SKU\110170true
104.0	8412668184930110188Puzzle 1000 el. Frida KahloEduca - Frida Kahlo PuzzlesPuzzle marki Educa składające się z 1000 elementów.puzzle_dla_dorosłych55.044.72https://gryplanszowe.pl/product-pol-7398-Puzzle-1000-el-Frida-Kahlo.htmlLiczba elementów\1000
Autor\
Jakość wykonania\
Tematyka puzzli\sztuka
Tematyka puzzli\Frida Kahlo
Wiek układającego\od 14 lat
Wymiary puzzli po ułożeniu\680x480 mm
Rok wydania\
Cechy dodatkowe\
WYMIARY OPAKOWANIA:
Wysokość (mm)\370
Szerokość (mm)\270
Głębokość (mm)\55
SKU\110188true
105.0	5902259206224110779Załoga. Wyprawa w głębiny.-Kooperacyjna gra karciana. Wygrywacie i przegrywacie razem!gry_karciane_logiczne54.043.9https://gryplanszowe.pl/product-pol-7596-Zaloga-Wyprawa-w-glebiny.htmlAutor\Thomas Sing
Ilustrator\Marco Armbruster
Rok wydania\2021
Minimalna liczba graczy\3
Maksymalna liczba graczy\5
Minimalny wiek graczy\10
Maksymalny wiek graczy\99
Minimalny czas gry (min)\20
Maksymalny czas gry (min)\20
Edycja\polska
Instrukcja\polska
WYMIARY OPAKOWANIA:
Wysokość (mm)\180
Szerokość (mm)\130
Głębokość (mm)\40
SKU\110779true
106.0	5903707560158110875Ubongo Junior 3DUbongoŚwiatowy bestseller dla dzieci! 
Przestrzenne klocki pozwalające na zabawę w trzech wymiarach!gry_dla_dzieci_planszowe109.9989.42https://gryplanszowe.pl/product-pol-7699-Ubongo-Junior-3D.htmlAutor\Grzegorz Rejchtman
Ilustrator\Annette Nora Kara
Rok wydania\2021
Minimalna liczba graczy\1
Maksymalna liczba graczy\4
Minimalny wiek graczy\5
Maksymalny wiek graczy\99
Minimalny czas gry (min)\20
Maksymalny czas gry (min)\20
Edycja\polska
Instrukcja\polska
WYMIARY OPAKOWANIA:
Wysokość (mm)\295
Szerokość (mm)\295
Głębokość (mm)\75
SKU\110875true
107.0	8412668190023110185Puzzle 500 el. Wielka fala w Kanagawie-Puzzle marki Educa składające się z 500 elementów.puzzle_dla_dorosłych39.031.71https://gryplanszowe.pl/product-pol-7712-Puzzle-500-el-Wielka-fala-w-Kanagawie.htmlLiczba elementów\500
Autor\
Jakość wykonania\
Tematyka puzzli\sztuka
Tematyka puzzli\Japonia
Tematyka puzzli\Azja
Tematyka puzzli\morze
Wiek układającego\od 11 lat
Wymiary puzzli po ułożeniu\340x480 mm
Rok wydania\
Cechy dodatkowe\
WYMIARY OPAKOWANIA:
Wysokość (mm)\235
Szerokość (mm)\335
Głębokość (mm)\45
SKU\110185true
108.0	5902259206231110901Horror w Arkham: Tajemnice Zakonu (trzecia edycja)Horror w ArkhamRozszerzenie do gry kooperacyjnej "Horror w Arkham".gry_planszowe_przygodowe144.9117.8https://gryplanszowe.pl/product-pol-7764-Horror-w-Arkham-Tajemnice-Zakonu-trzecia-edycja.htmlAutor\Philip D. Henry
Autor\Alexis Dykema
Rok wydania\2021
Minimalna liczba graczy\1
Maksymalna liczba graczy\6
Minimalny wiek graczy\14
Maksymalny wiek graczy\99
Minimalny czas gry (min)\120
Maksymalny czas gry (min)\180
Edycja\polska
Instrukcja\polska
WYMIARY OPAKOWANIA:
Wysokość (mm)\255
Szerokość (mm)\255
Głębokość (mm)\50
SKU\110901true
109.0	8710126200605110426Puzzle Junior 240 el. JAN VAN HAASTEREN Sala gimnastycznaPuzzle Junior Jan Van HaasterenKomiksowe puzzle dla dzieci! Nowa seria od Jana Van Haasterena!puzzle_dla_dzieci33.026.83https://gryplanszowe.pl/product-pol-7800-Puzzle-Junior-240-el-JAN-VAN-HAASTEREN-Sala-gimnastyczna.htmlLiczba elementów\240
Autor\
Jakość wykonania\
Tematyka puzzli\dzieci
Tematyka puzzli\humor
Tematyka puzzli\komiks
Tematyka puzzli\zabawa
Wiek układającego\od 6 lat
Wymiary puzzli po ułożeniu\335x485 mm
Rok wydania\
Cechy dodatkowe\
WYMIARY OPAKOWANIA:
Wysokość (mm)\195
Szerokość (mm)\275
Głębokość (mm)\35
SKU\110426true
110.0	5704339004542110923Wiem lepiej: Wynalazki i odkryciaWiem lepiejMini gra quizowa i rozszerzenie do gry "Wiem lepiej" w jednym!gry_planszowe_rodzinne27.021.95https://gryplanszowe.pl/product-pol-7811-Wiem-lepiej-Wynalazki-i-odkrycia.htmlRok wydania\2021
Minimalna liczba graczy\2
Maksymalna liczba graczy\12
Minimalny wiek graczy\16
Maksymalny wiek graczy\99
Minimalny czas gry (min)\20
Maksymalny czas gry (min)\20
Edycja\polska
Instrukcja\polska
WYMIARY OPAKOWANIA:
Wysokość (mm)\70
Szerokość (mm)\70
Głębokość (mm)\30
SKU\110923true
111.0	8412668138131110506Puzzle 3-5 el. Mała Myszka Miki i mali przyjacieleEduca - Baby PuzzlesPuzzle dla dzieci marki Educa składające się z 3-5 elementów.puzzle_dla_dzieci46.037.4https://gryplanszowe.pl/product-pol-7899-Puzzle-3-5-el-Mala-Myszka-Miki-i-mali-przyjaciele.htmlLiczba elementów\3-5
Autor\
Jakość wykonania\
Tematyka puzzli\Disney
Tematyka puzzli\bajki
Tematyka puzzli\Myszka Miki
Wiek układającego\od 2 lat
Wymiary puzzli po ułożeniu\
Rok wydania\
Cechy dodatkowe\
WYMIARY OPAKOWANIA:
Wysokość (mm)\215
Szerokość (mm)\315
Głębokość (mm)\45
SKU\110506true
112.0	8412668156128110507Puzzle 3-5 el. Mała Myszka Minnie i mali przyjacieleEduca - Baby PuzzlesPuzzle dla dzieci marki Educa składające się z 3-5 elementów.puzzle_dla_dzieci46.037.4https://gryplanszowe.pl/product-pol-7911-Puzzle-3-5-el-Mala-Myszka-Minnie-i-mali-przyjaciele.htmlLiczba elementów\3-5
Autor\
Jakość wykonania\
Tematyka puzzli\Disney
Tematyka puzzli\bajki
Wiek układającego\od 2 lat
Wymiary puzzli po ułożeniu\
Rok wydania\
Cechy dodatkowe\
WYMIARY OPAKOWANIA:
Wysokość (mm)\215
Szerokość (mm)\315
Głębokość (mm)\45
SKU\110507true
113.0	8412668182134110612Puzzle 2 x 48 el. Aladyn _ Mała SyrenkaEduca - Disney PuzzlesPuzzle dla dzieci marki Educa składające się z 2 x 48 elementów.puzzle_dla_dzieci36.029.27https://gryplanszowe.pl/product-pol-7917-Puzzle-2-x-48-el-Aladyn-Mala-Syrenka.htmlLiczba elementów\2 x 48
Autor\
Jakość wykonania\
Tematyka puzzli\bajki
Tematyka puzzli\Mała Syrenka
Tematyka puzzli\Aladyn
Tematyka puzzli\Disney
Wiek układającego\od 5 lat
Wymiary puzzli po ułożeniu\200x280 mm
Rok wydania\
Cechy dodatkowe\
WYMIARY OPAKOWANIA:
Wysokość (mm)\315
Szerokość (mm)\215
Głębokość (mm)\45
SKU\110612true
114.0	8412668188754110521Puzzle 2 x 16 el. Aladyn _ Zaplątani (drewniane)Educa - Super Puzzles (drewniane)Puzzle dla dzieci marki Educa składające się z 2 x 16 elementów.puzzle_dla_dzieci51.041.46https://gryplanszowe.pl/product-pol-7924-Puzzle-2-x-16-el-Aladyn-Zaplatani-drewniane.htmlLiczba elementów\2 x 16
Autor\
Jakość wykonania\
Tematyka puzzli\bajki
Tematyka puzzli\księżniczki
Tematyka puzzli\Aladyn
Tematyka puzzli\Disney
Wiek układającego\od 4 lat
Wymiary puzzli po ułożeniu\180x260 mm
Rok wydania\
Cechy dodatkowe\
WYMIARY OPAKOWANIA:
Wysokość (mm)\250
Szerokość (mm)\165
Głębokość (mm)\65
SKU\110521true
115.0	4001504564193110788Puzzle 60 el. Moja mała farma-Puzzle dla dzieci składające się z 60 elementów!puzzle_dla_dzieci34.027.64https://gryplanszowe.pl/product-pol-7992-Puzzle-60-el-Moja-mala-farma.htmlLiczba elementów\60
Autor\
Jakość wykonania\
Tematyka puzzli\zwierzęta
Tematyka puzzli\konie
Tematyka puzzli\ptaki
Tematyka puzzli\farma
Wiek układającego\od 5 lat
Wymiary puzzli po ułożeniu\243x361 mm
Rok wydania\
Cechy dodatkowe\
WYMIARY OPAKOWANIA:
Wysokość (mm)\195
Szerokość (mm)\275
Głębokość (mm)\40
SKU\110788true
116.0	5902259206507111006Wampir: Maskarada - Dziedzictwo (pakiet resetujący)Wampir: MaskaradaRywalizacyjna gra kampanijna o historycznym rozmachu!gry_planszowe_strategiczne49.9940.64https://gryplanszowe.pl/product-pol-8121-Wampir-Maskarada-Dziedzictwo-pakiet-resetujacy.htmlAutor\Babis Giannios
Ilustrator\Lukas Siegmon
Rok wydania\2021
Minimalna liczba graczy\2
Maksymalna liczba graczy\4
Minimalny wiek graczy\14
Maksymalny wiek graczy\99
Minimalny czas gry (min)\45
Maksymalny czas gry (min)\90
Edycja\polska
Instrukcja\polska
WYMIARY OPAKOWANIA:
Wysokość (mm)\140
Szerokość (mm)\95
Głębokość (mm)\20
SKU\111006true
117.0	5012269070972110271Puzzle 1000 el. Pałac BuckinghamGibsons - British Themes PuzzlesPuzzle marki Gibsons składające się z 1000 elementów.puzzle_dla_dorosłych68.055.28https://gryplanszowe.pl/product-pol-8127-Puzzle-1000-el-Palac-Buckingham.htmlLiczba elementów\1000
Autor\
Jakość wykonania\
Tematyka puzzli\humor
Tematyka puzzli\pałac
Tematyka puzzli\Londyn
Tematyka puzzli\Wielka Brytania
Wymiary puzzli po ułożeniu\490x680 mm
Rok wydania\
Cechy dodatkowe\
WYMIARY OPAKOWANIA:
Wysokość (mm)\240
Szerokość (mm)\340
Głębokość (mm)\60
SKU\110271true
118.0	5902259206170111010Wyspa dinozaurów-Strategiczna gra planszowa. Zostań zarządcą parku dinozaurów!gry_planszowe_strategiczne159.0129.27https://gryplanszowe.pl/product-pol-8225-Wyspa-dinozaurow.htmlAutor\Jonathan Gilmour
Autor\Brian Lewis
Ilustrator\Kwanchai Moriya
Rok wydania\2022
Minimalna liczba graczy\1
Maksymalna liczba graczy\4
Minimalny wiek graczy\8
Maksymalny wiek graczy\99
Minimalny czas gry (min)\90
Maksymalny czas gry (min)\120
Edycja\polska
Instrukcja\polska
WYMIARY OPAKOWANIA:
Wysokość (mm)\295
Szerokość (mm)\295
Głębokość (mm)\80
SKU\111010true
119.0	9788392628828111083Obcy - gra fabularna (Podręcznik)Obcy - gra fabularnaNiezapomniana podróż po nieznanych, czekających na odkrycie planetach, na pograniczu zbadanej przestrzeni kosmicznej.gamebook149.0141.9https://gryplanszowe.pl/product-pol-8228-Obcy-gra-fabularna-Podrecznik.htmlAutor\Tomas Härenstam
Ilustrator\Martin Grip
Rok wydania\2021
Edycja\polska
ISBN\978-83-926288-2-8
WYMIARY OPAKOWANIA:
Wysokość (mm)\285
Szerokość (mm)\225
Głębokość (mm)\25
SKU\111083true
120.0	658580003340111194Machina Arcana (edycja polska)Machina ArcanaKooperacyjna przygoda grozy!
Czy kiedykolwiek zapędzono cię strachem pod bramy raju?gry_planszowe_kooperacyjne379.9308.86https://gryplanszowe.pl/product-pol-8239-Machina-Arcana-edycja-polska.htmlAutor\Juraj Bilić
Ilustrator\Jakub Bazyluk
Ilustrator\Karin Bogdanić
Ilustrator\Nele Diel
Ilustrator\Sebastian Giacobino
Ilustrator\Stefan Koidl
Ilustrator\Max Kostin
Ilustrator\Igor Krstić
Ilustrator\Marek Madej
Ilustrator\Kristian Pavlin
Ilustrator\Damir Podhraški
Rok wydania\2022
Minimalna liczba graczy\1
Maksymalna liczba graczy\4
Minimalny wiek graczy\14
Maksymalny wiek graczy\99
Minimalny czas gry (min)\30
Maksymalny czas gry (min)\240
Edycja\polska
Instrukcja\polska
WYMIARY OPAKOWANIA:
Wysokość (mm)\300
Szerokość (mm)\300
Głębokość (mm)\145
SKU\111194true
121.0	658580003449111197Machina Arcana: Ku wieczności (edycja polska)Machina ArcanaDodatek do kooperacyjnej przygody grozy "Machina Arcana"!gry_planszowe_kooperacyjne99.080.49https://gryplanszowe.pl/product-pol-8246-Machina-Arcana-Ku-wiecznosci-edycja-polska.htmlAutor\Juraj Bilić
Rok wydania\2022
Minimalna liczba graczy\1
Maksymalna liczba graczy\4
Minimalny wiek graczy\14
Maksymalny wiek graczy\99
Minimalny czas gry (min)\30
Maksymalny czas gry (min)\120
Edycja\polska
Instrukcja\polska
WYMIARY OPAKOWANIA:
Wysokość (mm)\300
Szerokość (mm)\150
Głębokość (mm)\50
SKU\111197true
122.0	5908259812441111201Hello Maestro Quiz: wynalazki, historia, odkrycia (wersja kompakt)Było sobie życieQuizowa gra planszowa inspirowana filmami Alberta Barille.gry_dla_dzieci_quizy_i_loteryjki49.9940.64https://gryplanszowe.pl/product-pol-8249-Hello-Maestro-Quiz-wynalazki-historia-odkrycia-wersja-kompakt.htmlAutor\Janusz Feliks
Rok wydania\2022
Minimalna liczba graczy\2
Maksymalna liczba graczy\8
Minimalny wiek graczy\7
Maksymalny wiek graczy\99
Minimalny czas gry (min)\35
Maksymalny czas gry (min)\35
Edycja\polska
Instrukcja\polska
WYMIARY OPAKOWANIA:
Wysokość (mm)\200
Szerokość (mm)\200
Głębokość (mm)\60
SKU\111201true
123.0	4001504599508111119PQ Puzzle 1000 el. THOMAS KINKADE Aladyn (Disney)Puzzle - Thomas KinkadePuzzle składające się z 1000 elementów!
Najwyższa jakość puzzli marki Schmidt Spiele!puzzle_dla_dorosłych54.043.9https://gryplanszowe.pl/product-pol-8276-PQ-Puzzle-1000-el-THOMAS-KINKADE-Aladyn-Disney.htmlLiczba elementów\1000
Autor\Thomas Kinkade
Jakość wykonania\Premium Quality
Tematyka puzzli\bajki
Tematyka puzzli\Disney
Wiek układającego\od 12 lat
Wymiary puzzli po ułożeniu\493x693 mm
Rok wydania\
Cechy dodatkowe\
WYMIARY OPAKOWANIA:
Wysokość (mm)\275
Szerokość (mm)\375
Głębokość (mm)\60
SKU\111119true
124.0	5902259206705111397The Shadow Planet (edycja polska)-Jedna z najbardziej przerażających powieści graficznych sci-fi stała się grą planszową!gry_planszowe_strategiczne139.0113.01https://gryplanszowe.pl/product-pol-8324-The-Shadow-Planet-edycja-polska.htmlAutor\Giacomo Santopietro
Autor\Gianluca Santopietro
Ilustrator\ Alan D'Amico
Rok wydania\2022
Minimalna liczba graczy\3
Maksymalna liczba graczy\5
Minimalny wiek graczy\14
Maksymalny wiek graczy\99
Minimalny czas gry (min)\90
Maksymalny czas gry (min)\90
Edycja\polska
Instrukcja\polska
WYMIARY OPAKOWANIA:
Wysokość (mm)\295
Szerokość (mm)\295
Głębokość (mm)\75
SKU\111397true
125.0	5902259206637111399Talisman: Harry PotterTalismanPrzeżyj niesamowitą przygodę i odkryj moc przyjaźni, lojalności i prawdziwej magii w nowej edycji gry "Talisman"!gry_planszowe_przygodowe289.99235.76https://gryplanszowe.pl/product-pol-8327-Talisman-Harry-Potter.htmlRok wydania\2022
Minimalna liczba graczy\2
Maksymalna liczba graczy\6
Minimalny wiek graczy\11
Maksymalny wiek graczy\99
Minimalny czas gry (min)\90
Maksymalny czas gry (min)\120
Edycja\polska
Instrukcja\polska
WYMIARY OPAKOWANIA:
Wysokość (mm)\295
Szerokość (mm)\295
Głębokość (mm)\90
SKU\111399true
126.0	5901838000291111391Rodzinne kalambury + rebusyKalamburyWesoła gra dla całej rodziny!
Narysuj - Pokaż - Wytłumacz - Zaśpiewaj - Zatańcz!gry_planszowe_rodzinne55.044.72https://gryplanszowe.pl/product-pol-8331-Rodzinne-kalambury-rebusy.htmlRok wydania\2022
Minimalna liczba graczy\2
Maksymalna liczba graczy\4
Minimalny wiek graczy\5
Maksymalny wiek graczy\99
Minimalny czas gry (min)\30
Maksymalny czas gry (min)\45
Edycja\polska
Instrukcja\polska
WYMIARY OPAKOWANIA:
Wysokość (mm)\250
Szerokość (mm)\255
Głębokość (mm)\60
SKU\111391true
127.0	4001504573874111448PQ Puzzle 1000 el. Nowa galaktyka-Puzzle składające się z 1000 elementów!
Najwyższa jakość puzzli marki Schmidt Spiele!puzzle_dla_dorosłych48.039.02https://gryplanszowe.pl/product-pol-8547-PQ-Puzzle-1000-el-Nowa-galaktyka.htmlLiczba elementów\1000
Autor\
Jakość wykonania\Premium Quality
Tematyka puzzli\kosmos
Tematyka puzzli\jedzenie
Tematyka puzzli\zwierzęta
Wiek układającego\od 12 lat
Wymiary puzzli po ułożeniu\693x493 mm
Rok wydania\
Cechy dodatkowe\
WYMIARY OPAKOWANIA:
Wysokość (mm)\375
Szerokość (mm)\275
Głębokość (mm)\60
SKU\111448true
128.0	8412668192881111292Puzzle 2 x 25 el. Zaplątani _ Mała Syrenka (drewniane)Educa - Super Puzzles (drewniane)Puzzle dla dzieci marki Educa składające się z 2 x 25 elementów.puzzle_dla_dzieci51.041.46https://gryplanszowe.pl/product-pol-8665-Puzzle-2-x-25-el-Zaplatani-Mala-Syrenka-drewniane.htmlLiczba elementów\2 x 25
Autor\
Jakość wykonania\
Tematyka puzzli\bajki
Tematyka puzzli\Mała Syrenka
Tematyka puzzli\Roszpunka
Tematyka puzzli\księżniczki
Tematyka puzzli\Disney
Wiek układającego\od 4 lat
Wymiary puzzli po ułożeniu\180x260 mm
Rok wydania\
Cechy dodatkowe\
WYMIARY OPAKOWANIA:
Wysokość (mm)\250
Szerokość (mm)\165
Głębokość (mm)\65
SKU\111292true
129.0	8412668192515111350Puzzle 500 el. Viva La Vida, Frida KahloEduca - Frida Kahlo PuzzlesPuzzle marki Educa składające się z 500 elementów.puzzle_dla_dorosłych39.031.71https://gryplanszowe.pl/product-pol-8726-Puzzle-500-el-Viva-La-Vida-Frida-Kahlo.htmlLiczba elementów\500
Autor\
Jakość wykonania\
Tematyka puzzli\sztuka
Tematyka puzzli\Frida Kahlo
Wiek układającego\
Wymiary puzzli po ułożeniu\480x340 mm
Rok wydania\
Cechy dodatkowe\
WYMIARY OPAKOWANIA:
Wysokość (mm)\335
Szerokość (mm)\235
Głębokość (mm)\45
SKU\111350true
130.0	5904305400280111767Dinozaur w opałach-Gra zręcznościowa dla całej rodziny!gry_dla_dzieci_inne39.9932.51https://gryplanszowe.pl/product-pol-8830-Dinozaur-w-opalach.htmlMinimalna liczba graczy\2
Maksymalna liczba graczy\4
Minimalny wiek graczy\3
Maksymalny wiek graczy\99
Minimalny czas gry (min)\10
Maksymalny czas gry (min)\20
Edycja\polska
Instrukcja\polska
WYMIARY OPAKOWANIA:
Wysokość (mm)\255
Szerokość (mm)\255
Głębokość (mm)\60
SKU\111767true
131.0	5949194011889111874Puzzle 1000 el. Wielka fala w Kanagawie, Hokusai Katsushika-Puzzle marki Enjoy składające się z 1000 elementów.puzzle_dla_dorosłych76.061.79https://gryplanszowe.pl/product-pol-8894-Puzzle-1000-el-Wielka-fala-w-Kanagawie-Hokusai-Katsushika.htmlLiczba elementów\1000
Autor\
Jakość wykonania\
Tematyka puzzli\sztuka
Tematyka puzzli\Japonia
Wiek układającego\od 12 lat
Wymiary puzzli po ułożeniu\480x680 mm
Rok wydania\
Cechy dodatkowe\
WYMIARY OPAKOWANIA:
Wysokość (mm)\235
Szerokość (mm)\335
Głębokość (mm)\50
SKU\111874true
132.0	5949194014736111985Puzzle 1000 el. Gromada gwiazd w galaktyce Drogi Mlecznej-Puzzle marki Enjoy składające się z 1000 elementów.puzzle_dla_dorosłych76.061.79https://gryplanszowe.pl/product-pol-8985-Puzzle-1000-el-Gromada-gwiazd-w-galaktyce-Drogi-Mlecznej.htmlLiczba elementów\1000
Autor\
Jakość wykonania\
Tematyka puzzli\kosmos
Wiek układającego\od 12 lat
Wymiary puzzli po ułożeniu\480x680 mm
Rok wydania\
Cechy dodatkowe\
WYMIARY OPAKOWANIA:
Wysokość (mm)\235
Szerokość (mm)\335
Głębokość (mm)\50
SKU\111985true
133.0	5949194016358112015Puzzle 1000 el. Psychodeliczna tęczowa spirala-Puzzle marki Enjoy składające się z 1000 elementów.puzzle_dla_dorosłych76.061.79https://gryplanszowe.pl/product-pol-9016-Puzzle-1000-el-Psychodeliczna-teczowa-spirala.htmlLiczba elementów\1000
Autor\
Jakość wykonania\
Tematyka puzzli\abstrakcja
Wiek układającego\od 12 lat
Wymiary puzzli po ułożeniu\480x680 mm
Rok wydania\
Cechy dodatkowe\
WYMIARY OPAKOWANIA:
Wysokość (mm)\235
Szerokość (mm)\335
Głębokość (mm)\50
SKU\112015true
134.0	5949194019496112121Puzzle 1000 el. Galaktyka Widmowa-Puzzle marki Enjoy składające się z 1000 elementów.puzzle_dla_dorosłych76.061.79https://gryplanszowe.pl/product-pol-9119-Puzzle-1000-el-Galaktyka-Widmowa.htmlLiczba elementów\1000
Autor\
Jakość wykonania\
Tematyka puzzli\kosmos
Wiek układającego\od 12 lat
Wymiary puzzli po ułożeniu\480x680 mm
Rok wydania\
Cechy dodatkowe\
WYMIARY OPAKOWANIA:
Wysokość (mm)\235
Szerokość (mm)\335
Głębokość (mm)\50
SKU\112121true
135.0	841333120658112141Star Wars: The Deckbuilding Game (edycja polska)Star WarsStrategiczna gra karciana dla dwóch osób!
Los galaktyki jest w Twoich rękach!gry_karciane_strategiczne139.9113.74https://gryplanszowe.pl/product-pol-9165-Star-Wars-The-Deckbuilding-Game-edycja-polska.htmlAutor\Caleb Grace
Rok wydania\2023
Minimalna liczba graczy\2
Maksymalna liczba graczy\2
Minimalny wiek graczy\12
Maksymalny wiek graczy\99
Minimalny czas gry (min)\30
Maksymalny czas gry (min)\30
Edycja\polska
Instrukcja\polska
WYMIARY OPAKOWANIA:
Wysokość (mm)\215
Szerokość (mm)\165
Głębokość (mm)\75
SKU\112141true
136.0	841333117887112142Star Wars: Wojny KlonówStar WarsStrategiczna gra planszowa dla całej rodziny.
W galaktyce zapanował chaos!gry_planszowe_rodzinne209.9170.65https://gryplanszowe.pl/product-pol-9166-Star-Wars-Wojny-Klonow.htmlAutor\Alexandar Ortloff
Ilustrator\Atha Kanaani
Rok wydania\2023
Minimalna liczba graczy\1
Maksymalna liczba graczy\5
Minimalny wiek graczy\14
Maksymalny wiek graczy\99
Minimalny czas gry (min)\60
Maksymalny czas gry (min)\60
Edycja\polska
Instrukcja\polska
WYMIARY OPAKOWANIA:
Wysokość (mm)\315
Szerokość (mm)\225
Głębokość (mm)\70
SKU\112142true
137.0	5907078167909112154Sagrada: ChwałaSagradaTrzecia część tryptyku rozszerzeń do bestsellerowej gry rodzinnej "Sagrada".gry_planszowe_kościane59.9948.77https://gryplanszowe.pl/product-pol-9178-Sagrada-Chwala.htmlAutor\Daryl Andrews
Autor\Adrian Adamescu
Ilustrator\Matt Paquette
Rok wydania\2023
Minimalna liczba graczy\1
Maksymalna liczba graczy\4
Minimalny wiek graczy\13
Maksymalny wiek graczy\99
Minimalny czas gry (min)\30
Maksymalny czas gry (min)\45
Edycja\polska
Instrukcja\polska
WYMIARY OPAKOWANIA:
Wysokość (mm)\150
Szerokość (mm)\100
Głębokość (mm)\45
SKU\112154true
138.0	5902259206552112347Małe Epickie Podziemia-Kooperacyjna przygoda w której gracze eksplorują zdradzieckie lochy.gry_karciane_kooperacyjne109.989.35https://gryplanszowe.pl/product-pol-9277-Male-Epickie-Podziemia.htmlAutor\Scott Almes
Ilustrator\Ian Rosenthaler
Ilustrator\Nikoletta Vaszi
Rok wydania\2022
Minimalna liczba graczy\1
Maksymalna liczba graczy\4
Minimalny wiek graczy\14
Maksymalny wiek graczy\99
Minimalny czas gry (min)\30
Maksymalny czas gry (min)\60
Edycja\polska
Instrukcja\polska
WYMIARY OPAKOWANIA:
Wysokość (mm)\120
Szerokość (mm)\180
Głębokość (mm)\40
SKU\112347true
139.0	5902259207412112348Małe Epickie Wyprawy-Ruszaj na wspaniałą przygodę ku chwale i sławie!gry_karciane_kooperacyjne109.989.35https://gryplanszowe.pl/product-pol-9278-Male-Epickie-Wyprawy.htmlAutor\Scott Almes
Ilustrator\Miguel Coimbra
Rok wydania\2023
Minimalna liczba graczy\1
Maksymalna liczba graczy\4
Minimalny wiek graczy\14
Maksymalny wiek graczy\99
Minimalny czas gry (min)\60
Maksymalny czas gry (min)\60
Edycja\polska
Instrukcja\polska
WYMIARY OPAKOWANIA:
Wysokość (mm)\120
Szerokość (mm)\180
Głębokość (mm)\40
SKU\112347true
140.0	4001504597061112340PQ Puzzle 500 el. Rodzina koali-Puzzle składające się z 500 elementów!
Najwyższa jakość puzzli marki Schmidt Spiele!puzzle_dla_dorosłych38.030.89https://gryplanszowe.pl/product-pol-9563-PQ-Puzzle-500-el-Rodzina-koali.htmlLiczba elementów\500
Autor\
Jakość wykonania\Premium Quality
Tematyka puzzli\zwierzęta
Tematyka puzzli\motyle
Tematyka puzzli\kwiaty
Tematyka puzzli\koala
Wiek układającego\od 10 lat
Wymiary puzzli po ułożeniu\341x481 mm
Rok wydania\
Cechy dodatkowe\
WYMIARY OPAKOWANIA:
Wysokość (mm)\235
Szerokość (mm)\340
Głębokość (mm)\40
SKU\112340true
141.0	5949194020249112411Puzzle 1000 el. Podwodna galaktyka-Puzzle marki Enjoy składające się z 1000 elementów.puzzle_dla_dorosłych76.061.79https://gryplanszowe.pl/product-pol-9638-Puzzle-1000-el-Podwodna-galaktyka.htmlLiczba elementów\1000
Autor\
Jakość wykonania\
Tematyka puzzli\planety
Tematyka puzzli\gwiazdy
Tematyka puzzli\ryby
Wiek układającego\od 12 lat
Wymiary puzzli po ułożeniu\480x680 mm
Rok wydania\
Cechy dodatkowe\
WYMIARY OPAKOWANIA:
Wysokość (mm)\235
Szerokość (mm)\335
Głębokość (mm)\50
SKU\112411true
142.0	5902259207528112580Exit: Władca Pierścieni. Cienie nad Śródziemiem.Escape RoomCzy uda się wam pomóc ocalić Śródziemie? 
Escape Room w Twoim domu!gry_karciane_przygodowe55.044.72https://gryplanszowe.pl/product-pol-9683-Exit-Wladca-Pierscieni-Cienie-nad-Srodziemiem.htmlAutor\Inka Brand
Autor\Markus Brand
Rok wydania\2023
Minimalna liczba graczy\1
Maksymalna liczba graczy\4
Minimalny wiek graczy\10
Maksymalny wiek graczy\99
Minimalny czas gry (min)\60
Maksymalny czas gry (min)\120
Edycja\polska
Instrukcja\polska
WYMIARY OPAKOWANIA:
Wysokość (mm)\180
Szerokość (mm)\130
Głębokość (mm)\40
SKU\112580true
143.0	5949194021055112492Puzzle 1000 el. Interstellar-Puzzle marki Enjoy składające się z 1000 elementów.puzzle_dla_dorosłych76.061.79https://gryplanszowe.pl/product-pol-9741-Puzzle-1000-el-Interstellar.htmlLiczba elementów\1000
Autor\
Jakość wykonania\
Tematyka puzzli\abstrakcja
Tematyka puzzli\kosmos
Wiek układającego\od 12 lat
Wymiary puzzli po ułożeniu\480x680 mm
Rok wydania\
Cechy dodatkowe\
WYMIARY OPAKOWANIA:
Wysokość (mm)\235
Szerokość (mm)\335
Głębokość (mm)\50
SKU\112492true
144.0	8412668199439112823Puzzle 1500 el. Frida KahloEduca - Frida Kahlo PuzzlesPuzzle marki Educa składające się z 1500 elementów.puzzle_dla_dorosłych69.056.1https://gryplanszowe.pl/product-pol-9983-Puzzle-1500-el-Frida-Kahlo.htmlLiczba elementów\1500
Autor\
Jakość wykonania\
Tematyka puzzli\sztuka
Tematyka puzzli\Frida Kahlo
Wiek układającego\od 14 lat
Wymiary puzzli po ułożeniu\850x600 mm
Rok wydania\
Cechy dodatkowe\
WYMIARY OPAKOWANIA:
Wysokość (mm)\430
Szerokość (mm)\300
Głębokość (mm)\55
SKU\112823true
145.0	5902650618848112899MLEM: Agencja Kosmiczna-Rodzinna gra planszowa.
Po przejęciu kontroli nad światem, koty znalazły nowy cel - kosmos.gry_planszowe_rodzinne119.9997.55https://gryplanszowe.pl/product-pol-10014-MLEM-Agencja-Kosmiczna.htmlAutor\Reiner Knizia
Ilustrator\Joanna Rzepecka
Rok wydania\2024
Minimalna liczba graczy\2
Maksymalna liczba graczy\5
Minimalny wiek graczy\8
Maksymalny wiek graczy\99
Minimalny czas gry (min)\30
Maksymalny czas gry (min)\60
Edycja\polska
Instrukcja\polska
WYMIARY OPAKOWANIA:
Wysokość (mm)\275
Szerokość (mm)\275
Głębokość (mm)\70
SKU\112899true
146.0	4001504585396112957PQ Puzzle 1000 el. MICHELE FARELLA Podróż do odległych galaktykPuzzle - Michele FarellaPuzzle składające się z 1000 elementów!
Najwyższa jakość puzzli marki Schmidt Spiele!puzzle_dla_dorosłych48.039.02https://gryplanszowe.pl/product-pol-10170-PQ-Puzzle-1000-el-MICHELE-FARELLA-Podroz-do-odleglych-galaktyk.htmlLiczba elementów\1000
Autor\Michele Farella
Jakość wykonania\Premium Quality
Tematyka puzzli\kosmos
Tematyka puzzli\planety
Tematyka puzzli\astronauta
Wiek układającego\od 12 lat
Wymiary puzzli po ułożeniu\493x693 mm
Rok wydania\
Cechy dodatkowe\
WYMIARY OPAKOWANIA:
Wysokość (mm)\275
Szerokość (mm)\375
Głębokość (mm)\60
SKU\112957true
147.0	8412668200999113194Lalka ubieranka - Gala NightEduca - My Model (Doll Design)Zostań projektantem mody! 
Stwórz wspaniałe stylizacje dla swojej lalki!gry_dla_dzieci_inne149.0121.14https://gryplanszowe.pl/product-pol-10482-Lalka-ubieranka-Gala-Night.htmlMinimalny wiek graczy\6
Edycja\angielska
Instrukcja\polska
WYMIARY OPAKOWANIA:
Wysokość (mm)\295
Szerokość (mm)\385
Głębokość (mm)\95
SKU\113194true
148.0	5949194021796113273Puzzle 1000 el. Misie koala-Puzzle marki Enjoy składające się z 1000 elementów.puzzle_dla_dorosłych76.061.79https://gryplanszowe.pl/product-pol-10563-Puzzle-1000-el-Misie-koala.htmlLiczba elementów\1000
Autor\
Jakość wykonania\
Tematyka puzzli\koala
Tematyka puzzli\kwiaty
Wiek układającego\od 12 lat
Wymiary puzzli po ułożeniu\480x680 mm
Rok wydania\
Cechy dodatkowe\
WYMIARY OPAKOWANIA:
Wysokość (mm)\235
Szerokość (mm)\335
Głębokość (mm)\50
SKU\113273true
149.0	5949194022311113325Puzzle 2000 el. Misie koala-Puzzle marki Enjoy składające się z 2000 elementów.puzzle_dla_dorosłych187.0152.03https://gryplanszowe.pl/product-pol-10615-Puzzle-2000-el-Misie-koala.htmlLiczba elementów\2000
Autor\
Jakość wykonania\
Tematyka puzzli\koala
Tematyka puzzli\kwiaty
Tematyka puzzli\kolory
Wiek układającego\od 14 lat
Wymiary puzzli po ułożeniu\680x960 mm
Rok wydania\
Cechy dodatkowe\
WYMIARY OPAKOWANIA:
Wysokość (mm)\235
Szerokość (mm)\335
Głębokość (mm)\50
SKU\113325true
150.0	4001504565633113348Puzzle 100 el. SCHLEICH _ BAYALA Magiczne jednorożce + figurkaPuzzle - SchleichPuzzle dla dzieci, składające się ze 100 elementów.puzzle_dla_dzieci42.034.15https://gryplanszowe.pl/product-pol-10641-Puzzle-100-el-SCHLEICH-BAYALA-Magiczne-jednorozce-figurka.htmlLiczba elementów\100
Autor\
Premium Quality\
Tematyka puzzli\jednorożce
Tematyka puzzli\elfy
Tematyka puzzli\tęcza
Wiek układającego\od 6 lat
Wymiary puzzli po ułożeniu\243x361 mm
Rok wydania\
Cechy dodatkowe\
WYMIARY OPAKOWANIA:
Wysokość (mm)\195
Szerokość (mm)\275
Głębokość (mm)\40
SKU\113348true
151.0	4001504565640113349Puzzle 200 el. SCHLEICH _ BAYALA Magiczna kraina + figurkaPuzzle - SchleichPuzzle dla dzieci, składające się z 200 elementów.puzzle_dla_dzieci42.034.15https://gryplanszowe.pl/product-pol-10642-Puzzle-200-el-SCHLEICH-BAYALA-Magiczna-kraina-figurka.htmlLiczba elementów\200
Autor\
Premium Quality\
Tematyka puzzli\jednorożce
Tematyka puzzli\elfy
Wiek układającego\od 8 lat
Wymiary puzzli po ułożeniu\291x432 mm
Rok wydania\
Cechy dodatkowe\
WYMIARY OPAKOWANIA:
Wysokość (mm)\195
Szerokość (mm)\275
Głębokość (mm)\40
SKU\113349true
152.0	4001504580322113365PQ Puzzle 1000 el. THOMAS KINKADE Dżasmina i Aladyn (Disney)Puzzle - Thomas KinkadePuzzle składające się z 1000 elementów!
Najwyższa jakość puzzli marki Schmidt Spiele!puzzle_dla_dorosłych59.047.97https://gryplanszowe.pl/product-pol-10643-PQ-Puzzle-1000-el-THOMAS-KINKADE-Dzasmina-i-Aladyn-Disney.htmlLiczba elementów\1000
Autor\Thomas Kinkade
Jakość wykonania\Premium Quality
Tematyka puzzli\bajki
Tematyka puzzli\Disney
Wiek układającego\od 12 lat
Wymiary puzzli po ułożeniu\493x693 mm
Rok wydania\
Cechy dodatkowe\
WYMIARY OPAKOWANIA:
Wysokość (mm)\275
Szerokość (mm)\375
Głębokość (mm)\60
SKU\113365true
